date,new_confirmed,new_deceased,cumulative_confirmed,cumulative_deceased,hospitalCases,newAdmissions,population,covidOccupiedMVBeds,cumAdmissions
2020-04-01,3989.0,694.0,35571.0,4730.0,15544.0,4382,56171302,0.0,31201
2020-04-02,3895.0,725.0,39466.0,5455.0,15364.0,3937,56171302,1878.0,35138
2020-04-03,3878.0,737.0,43344.0,6192.0,18158.0,3388,56171302,2261.0,38526
2020-04-04,3260.0,828.0,46604.0,7020.0,20489.0,3446,56171302,2458.0,41972
2020-04-05,2994.0,823.0,49598.0,7843.0,22051.0,3446,56171302,2650.0,45418
2020-04-06,4170.0,795.0,53768.0,8638.0,22533.0,3522,56171302,2888.0,48940
2020-04-07,4359.0,902.0,58127.0,9540.0,23351.0,3722,56171302,3147.0,52662
2020-04-08,4093.0,971.0,62220.0,10511.0,23880.0,3482,56171302,3271.0,56144
2020-04-09,3892.0,865.0,66112.0,11376.0,24355.0,3050,56171302,3300.0,59194
2020-04-10,3428.0,847.0,69540.0,12223.0,24486.0,2894,56171302,3576.0,62088
2020-04-11,2905.0,855.0,72445.0,13078.0,24520.0,2580,56171302,3636.0,64668
2020-04-12,2836.0,848.0,75281.0,13926.0,24945.0,2403,56171302,3654.0,67071
2020-04-13,3294.0,793.0,78575.0,14719.0,24514.0,2550,56171302,3657.0,69621
2020-04-14,3370.0,754.0,81945.0,15473.0,24442.0,2524,56171302,3615.0,72145
2020-04-15,3939.0,778.0,85884.0,16251.0,23535.0,2104,56171302,3610.0,74249
2020-04-16,4054.0,746.0,89938.0,16997.0,23332.0,2335,56171302,3609.0,76584
2020-04-17,3812.0,736.0,93750.0,17733.0,21846.0,2201,56171302,3507.0,78785
2020-04-18,3758.0,702.0,97508.0,18435.0,22071.0,1871,56171302,3617.0,80656
2020-04-19,3228.0,684.0,100736.0,19119.0,22120.0,2023,56171302,3548.0,82679
2020-04-20,3434.0,683.0,104170.0,19802.0,21713.0,2080,56171302,3468.0,84759
2020-04-21,3772.0,645.0,107942.0,20447.0,21684.0,2007,56171302,3387.0,86766
2020-04-22,4650.0,640.0,112592.0,21087.0,21009.0,1775,56171302,3318.0,88541
2020-04-23,4423.0,595.0,117015.0,21682.0,20310.0,1737,56171302,3228.0,90278
2020-04-24,4160.0,601.0,121175.0,22283.0,19332.0,1704,56171302,3022.0,91982
2020-04-25,3233.0,551.0,124408.0,22834.0,18693.0,1465,56171302,2997.0,93447
2020-04-26,2980.0,556.0,127388.0,23390.0,18784.0,1667,56171302,2889.0,95114
2020-04-27,3958.0,505.0,131346.0,23895.0,18901.0,1809,56171302,2717.0,96923
2020-04-28,3902.0,496.0,135248.0,24391.0,18070.0,1742,56171302,2606.0,98665
2020-04-29,4610.0,495.0,139858.0,24886.0,17578.0,1748,56171302,2550.0,100413
2020-04-30,4231.0,483.0,144089.0,25369.0,17215.0,1625,56171302,2490.0,102038
2020-05-01,4024.0,475.0,148113.0,25844.0,16831.0,1437,56171302,2447.0,103475
2020-05-02,2677.0,424.0,150790.0,26268.0,16477.0,1303,56171302,2306.0,104778
2020-05-03,2537.0,387.0,153327.0,26655.0,16225.0,1366,56171302,2242.0,106144
2020-05-04,2775.0,409.0,156102.0,27064.0,16102.0,1471,56171302,2153.0,107615
2020-05-05,3060.0,390.0,159162.0,27454.0,15717.0,1289,56171302,2078.0,108904
2020-05-06,3191.0,390.0,162353.0,27844.0,15084.0,1393,56171302,2006.0,110297
2020-05-07,3112.0,394.0,165465.0,28238.0,14405.0,1336,56171302,1827.0,111633
2020-05-08,2571.0,330.0,168036.0,28568.0,13789.0,1004,56171302,1795.0,112637
2020-05-09,1767.0,328.0,169803.0,28896.0,13690.0,1102,56171302,1734.0,113739
2020-05-10,1986.0,300.0,171789.0,29196.0,13294.0,1019,56171302,1707.0,114758
2020-05-11,3042.0,259.0,174831.0,29455.0,13631.0,1179,56171302,1643.0,115937
2020-05-12,2886.0,274.0,177717.0,29729.0,13211.0,1159,56171302,1568.0,117096
2020-05-13,2826.0,253.0,180543.0,29982.0,13001.0,1108,56171302,1495.0,118204
2020-05-14,2172.0,274.0,182715.0,30256.0,12508.0,1033,56171302,1449.0,119237
2020-05-15,2105.0,267.0,184820.0,30523.0,12319.0,1019,56171302,1493.0,120256
2020-05-16,1756.0,266.0,186576.0,30789.0,11738.0,909,56171302,1376.0,121165
2020-05-17,1570.0,222.0,188146.0,31011.0,11747.0,920,56171302,1329.0,122085
2020-05-18,2185.0,253.0,190331.0,31264.0,11824.0,988,56171302,1261.0,123073
2020-05-19,2561.0,230.0,192892.0,31494.0,11635.0,1008,56171302,1229.0,124081
2020-05-20,2323.0,233.0,195215.0,31727.0,11107.0,987,56171302,1165.0,125068
2020-05-21,2242.0,201.0,197457.0,31928.0,10780.0,971,56171302,1129.0,126039
2020-05-22,1776.0,194.0,199233.0,32122.0,10580.0,843,56171302,1069.0,126882
2020-05-23,1290.0,200.0,200523.0,32322.0,10105.0,714,56171302,1023.0,127596
2020-05-24,1189.0,168.0,201712.0,32490.0,10110.0,672,56171302,983.0,128268
2020-05-25,1372.0,175.0,203084.0,32665.0,10213.0,657,56171302,955.0,128925
2020-05-26,1431.0,188.0,204515.0,32853.0,9993.0,781,56171302,936.0,129706
2020-05-27,1597.0,170.0,206112.0,33023.0,9271.0,797,56171302,869.0,130503
2020-05-28,1553.0,182.0,207665.0,33205.0,8878.0,758,56171302,830.0,131261
2020-05-29,1359.0,162.0,209024.0,33367.0,8513.0,682,56171302,801.0,131943
2020-05-30,992.0,143.0,210016.0,33510.0,8129.0,657,56171302,795.0,132600
2020-05-31,977.0,113.0,210993.0,33623.0,8102.0,626,56171302,773.0,133226
2020-06-01,1293.0,121.0,212286.0,33744.0,8143.0,687,56171302,756.0,133913
2020-06-02,1345.0,151.0,213631.0,33895.0,7963.0,749,56171302,720.0,134662
2020-06-03,1220.0,137.0,214851.0,34032.0,7616.0,656,56171302,679.0,135318
2020-06-04,1130.0,121.0,215981.0,34153.0,7363.0,604,56171302,651.0,135922
2020-06-05,1003.0,109.0,216984.0,34262.0,7071.0,519,56171302,637.0,136441
2020-06-06,710.0,99.0,217694.0,34361.0,6809.0,403,56171302,621.0,136844
2020-06-07,660.0,112.0,218354.0,34473.0,6606.0,427,56171302,589.0,137271
2020-06-08,977.0,112.0,219331.0,34585.0,6627.0,486,56171302,575.0,137757
2020-06-09,1055.0,84.0,220386.0,34669.0,6425.0,561,56171302,559.0,138318
2020-06-10,1076.0,98.0,221462.0,34767.0,6165.0,565,56171302,516.0,138883
2020-06-11,906.0,72.0,222368.0,34839.0,5745.0,451,56171302,441.0,139334
2020-06-12,931.0,73.0,223299.0,34912.0,5763.0,412,56171302,453.0,139746
2020-06-13,777.0,52.0,224076.0,34964.0,5563.0,375,56171302,448.0,140121
2020-06-14,749.0,74.0,224825.0,35038.0,5537.0,421,56171302,451.0,140542
2020-06-15,929.0,62.0,225754.0,35100.0,5487.0,492,56171302,440.0,141034
2020-06-16,982.0,69.0,226736.0,35169.0,5488.0,488,56171302,434.0,141522
2020-06-17,898.0,54.0,227634.0,35223.0,5302.0,454,56171302,397.0,141976
2020-06-18,923.0,56.0,228557.0,35279.0,5129.0,430,56171302,398.0,142406
2020-06-19,806.0,47.0,229363.0,35326.0,4938.0,340,56171302,376.0,142746
2020-06-20,620.0,54.0,229983.0,35380.0,4748.0,256,56171302,417.0,143002
2020-06-21,544.0,47.0,230527.0,35427.0,4686.0,299,56171302,356.0,143301
2020-06-22,810.0,58.0,231337.0,35485.0,4746.0,431,56171302,386.0,143732
2020-06-23,721.0,62.0,232058.0,35547.0,4553.0,378,56171302,351.0,144110
2020-06-24,726.0,67.0,232784.0,35614.0,4452.0,347,56171302,352.0,144457
2020-06-25,637.0,57.0,233421.0,35671.0,4239.0,331,56171302,317.0,144788
2020-06-26,633.0,37.0,234054.0,35708.0,3929.0,343,56171302,299.0,145131
2020-06-27,503.0,41.0,234557.0,35749.0,3920.0,283,56171302,312.0,145414
2020-06-28,410.0,41.0,234967.0,35790.0,3932.0,212,56171302,317.0,145626
2020-06-29,654.0,34.0,235621.0,35824.0,4336.0,237,56171302,307.0,145863
2020-06-30,574.0,43.0,236195.0,35867.0,3708.0,266,56171302,321.0,146129
2020-07-01,596.0,21.0,236791.0,35888.0,3498.0,271,56171302,302.0,146400
2020-07-02,548.0,40.0,237339.0,35928.0,3372.0,210,56171302,288.0,146610
2020-07-03,524.0,27.0,237863.0,35955.0,3180.0,209,56171302,276.0,146819
2020-07-04,378.0,31.0,238241.0,35986.0,3029.0,161,56171302,254.0,146980
2020-07-05,539.0,25.0,238780.0,36011.0,2933.0,172,56171302,257.0,147152
2020-07-06,650.0,35.0,239430.0,36046.0,2932.0,207,56171302,251.0,147359
2020-07-07,552.0,26.0,239982.0,36072.0,2811.0,209,56171302,242.0,147568
2020-07-08,666.0,21.0,240648.0,36093.0,2641.0,196,56171302,220.0,147764
2020-07-09,676.0,35.0,241324.0,36128.0,2503.0,183,56171302,225.0,147947
2020-07-10,511.0,23.0,241835.0,36151.0,2426.0,142,56171302,216.0,148089
2020-07-11,420.0,20.0,242255.0,36171.0,2332.0,133,56171302,206.0,148222
2020-07-12,348.0,13.0,242603.0,36184.0,2253.0,99,56171302,190.0,148321
2020-07-13,673.0,23.0,243276.0,36207.0,2239.0,188,56171302,188.0,148509
2020-07-14,649.0,20.0,243925.0,36227.0,2091.0,168,56171302,165.0,148677
2020-07-15,718.0,20.0,244643.0,36247.0,2072.0,152,56171302,181.0,148829
2020-07-16,631.0,12.0,245274.0,36259.0,1892.0,149,56171302,160.0,148978
2020-07-17,536.0,18.0,245810.0,36277.0,1871.0,109,56171302,169.0,149087
2020-07-18,470.0,15.0,246280.0,36292.0,1846.0,60,56171302,161.0,149147
2020-07-19,412.0,14.0,246692.0,36306.0,1820.0,103,56171302,160.0,149250
2020-07-20,758.0,12.0,247450.0,36318.0,1761.0,114,56171302,152.0,149364
2020-07-21,683.0,20.0,248133.0,36338.0,1631.0,105,56171302,143.0,149469
2020-07-22,750.0,17.0,248883.0,36355.0,1743.0,104,56171302,129.0,149573
2020-07-23,723.0,16.0,249606.0,36371.0,1504.0,139,56171302,135.0,149712
2020-07-24,702.0,6.0,250308.0,36377.0,1382.0,123,56171302,122.0,149835
2020-07-25,496.0,14.0,250804.0,36391.0,1363.0,86,56171302,109.0,149921
2020-07-26,509.0,15.0,251313.0,36406.0,1301.0,87,56171302,104.0,150008
2020-07-27,815.0,12.0,252128.0,36418.0,1293.0,105,56171302,108.0,150113
2020-07-28,785.0,10.0,252913.0,36428.0,1291.0,92,56171302,99.0,150205
2020-07-29,989.0,8.0,253902.0,36436.0,1261.0,83,56171302,91.0,150288
2020-07-30,869.0,8.0,254771.0,36444.0,1216.0,106,56171302,88.0,150394
2020-07-31,636.0,10.0,255407.0,36454.0,1186.0,77,56171302,91.0,150471
2020-08-01,503.0,9.0,255910.0,36463.0,1212.0,67,56171302,96.0,150538
2020-08-02,513.0,8.0,256423.0,36471.0,1161.0,76,56171302,90.0,150614
2020-08-03,955.0,15.0,257378.0,36486.0,1163.0,112,56171302,84.0,150726
2020-08-04,954.0,10.0,258332.0,36496.0,1112.0,82,56171302,85.0,150808
2020-08-05,961.0,3.0,259293.0,36499.0,1114.0,78,56171302,83.0,150886
2020-08-06,984.0,9.0,260277.0,36508.0,1067.0,75,56171302,81.0,150961
2020-08-07,880.0,8.0,261157.0,36516.0,1000.0,76,56171302,74.0,151037
2020-08-08,645.0,11.0,261802.0,36527.0,863.0,98,56171302,68.0,151135
2020-08-09,565.0,9.0,262367.0,36536.0,829.0,79,56171302,69.0,151214
2020-08-10,1357.0,11.0,263724.0,36547.0,995.0,64,56171302,74.0,151278
2020-08-11,1227.0,10.0,264951.0,36557.0,940.0,83,56171302,76.0,151361
2020-08-12,1119.0,7.0,266070.0,36564.0,898.0,70,56171302,81.0,151431
2020-08-13,1024.0,7.0,267094.0,36571.0,916.0,82,56171302,76.0,151513
2020-08-14,1049.0,6.0,268143.0,36577.0,891.0,76,56171302,77.0,151589
2020-08-15,650.0,12.0,268793.0,36589.0,873.0,61,56171302,83.0,151650
2020-08-16,530.0,3.0,269323.0,36592.0,882.0,57,56171302,82.0,151707
2020-08-17,1145.0,12.0,270468.0,36604.0,882.0,68,56171302,80.0,151775
2020-08-18,939.0,7.0,271407.0,36611.0,847.0,81,56171302,77.0,151856
2020-08-19,1096.0,2.0,272503.0,36613.0,815.0,72,56171302,77.0,151928
2020-08-20,1230.0,8.0,273733.0,36621.0,778.0,67,56171302,79.0,151995
2020-08-21,1016.0,7.0,274749.0,36628.0,748.0,69,56171302,77.0,152064
2020-08-22,721.0,7.0,275470.0,36635.0,894.0,38,56171302,79.0,152102
2020-08-23,697.0,14.0,276167.0,36649.0,753.0,60,56171302,77.0,152162
2020-08-24,1128.0,5.0,277295.0,36654.0,753.0,57,56171302,75.0,152219
2020-08-25,1043.0,12.0,278338.0,36666.0,726.0,84,56171302,78.0,152303
2020-08-26,1160.0,11.0,279498.0,36677.0,704.0,76,56171302,69.0,152379
2020-08-27,1337.0,9.0,280835.0,36686.0,718.0,93,56171302,81.0,152472
2020-08-28,1358.0,9.0,282193.0,36695.0,684.0,53,56171302,67.0,152525
2020-08-29,1033.0,5.0,283226.0,36700.0,695.0,71,56171302,74.0,152596
2020-08-30,976.0,6.0,284202.0,36706.0,692.0,55,56171302,73.0,152651
2020-08-31,1270.0,8.0,285472.0,36714.0,704.0,78,56171302,74.0,152729
2020-09-01,1941.0,4.0,287413.0,36718.0,700.0,82,56171302,78.0,152811
2020-09-02,2670.0,10.0,290083.0,36728.0,620.0,102,56171302,79.0,152913
2020-09-03,2691.0,6.0,292774.0,36734.0,637.0,86,56171302,78.0,152999
2020-09-04,2611.0,8.0,295385.0,36742.0,644.0,97,56171302,72.0,153096
2020-09-05,2184.0,12.0,297569.0,36754.0,640.0,127,56171302,70.0,153223
2020-09-06,2066.0,9.0,299635.0,36763.0,652.0,114,56171302,74.0,153337
2020-09-07,3499.0,13.0,303134.0,36776.0,751.0,121,56171302,91.0,153458
2020-09-08,3045.0,10.0,306179.0,36786.0,716.0,151,56171302,92.0,153609
2020-09-09,2863.0,10.0,309042.0,36796.0,749.0,202,56171302,91.0,153811
2020-09-10,3104.0,12.0,312146.0,36808.0,774.0,202,56171302,90.0,154013
2020-09-11,2791.0,10.0,314937.0,36818.0,857.0,196,56171302,156.0,154209
2020-09-12,2197.0,18.0,317134.0,36836.0,925.0,197,56171302,102.0,154406
2020-09-13,1698.0,15.0,318832.0,36851.0,985.0,213,56171302,107.0,154619
2020-09-14,2876.0,17.0,321708.0,36868.0,1131.0,246,56171302,125.0,154865
2020-09-15,2994.0,15.0,324702.0,36883.0,1244.0,276,56171302,144.0,155141
2020-09-16,3721.0,23.0,328423.0,36906.0,1306.0,261,56171302,150.0,155402
2020-09-17,3894.0,25.0,332317.0,36931.0,1379.0,294,56171302,149.0,155696
2020-09-18,4220.0,21.0,336537.0,36952.0,1440.0,308,56171302,162.0,156004
2020-09-19,4157.0,19.0,340694.0,36971.0,1528.0,297,56171302,173.0,156301
2020-09-20,4618.0,28.0,345312.0,36999.0,1676.0,347,56171302,207.0,156648
2020-09-21,4656.0,24.0,349968.0,37023.0,1849.0,385,56171302,229.0,157033
2020-09-22,5319.0,35.0,355287.0,37058.0,1959.0,387,56171302,265.0,157420
2020-09-23,5838.0,52.0,361125.0,37110.0,2038.0,458,56171302,282.0,157878
2020-09-24,6278.0,33.0,367403.0,37143.0,2187.0,412,56171302,306.0,158290
2020-09-25,5988.0,30.0,373391.0,37173.0,2411.0,399,56171302,328.0,158689
2020-09-26,5630.0,36.0,379021.0,37209.0,2427.0,365,56171302,318.0,159054
2020-09-27,6007.0,44.0,385028.0,37253.0,2582.0,361,56171302,338.0,159415
2020-09-28,8491.0,46.0,393519.0,37299.0,2781.0,448,56171302,353.0,159863
2020-09-29,8731.0,43.0,402250.0,37342.0,2762.0,469,56171302,368.0,160332
2020-09-30,10573.0,48.0,412823.0,37390.0,2884.0,479,56171302,404.0,160811
2020-10-01,11358.0,55.0,424181.0,37445.0,2962.0,518,56171302,410.0,161329
2020-10-02,11618.0,65.0,435799.0,37510.0,3139.0,538,56171302,449.0,161867
2020-10-03,9750.0,55.0,445549.0,37565.0,3291.0,556,56171302,444.0,162423
2020-10-04,9926.0,54.0,455475.0,37619.0,3468.0,672,56171302,450.0,163095
2020-10-05,14094.0,59.0,469569.0,37678.0,3857.0,692,56171302,477.0,163787
2020-10-06,14337.0,62.0,483906.0,37740.0,4139.0,763,56171302,501.0,164550
2020-10-07,15269.0,81.0,499175.0,37821.0,4373.0,712,56171302,547.0,165262
2020-10-08,15335.0,78.0,514510.0,37899.0,4537.0,715,56171302,538.0,165977
2020-10-09,13026.0,67.0,527536.0,37966.0,4590.0,777,56171302,533.0,166754
2020-10-10,10219.0,90.0,537755.0,38056.0,4792.0,738,56171302,575.0,167492
2020-10-11,9716.0,103.0,547471.0,38159.0,5155.0,909,56171302,581.0,168401
2020-10-12,16258.0,97.0,563729.0,38256.0,5513.0,946,56171302,619.0,169347
2020-10-13,15523.0,86.0,579252.0,38342.0,5826.0,1108,56171302,635.0,170455
2020-10-14,16448.0,102.0,595700.0,38444.0,6112.0,1002,56171302,680.0,171457
2020-10-15,15252.0,124.0,610952.0,38568.0,6512.0,1122,56171302,691.0,172579
2020-10-16,14595.0,121.0,625547.0,38689.0,6866.0,923,56171302,684.0,173502
2020-10-17,12395.0,162.0,637942.0,38851.0,7101.0,1103,56171302,695.0,174605
2020-10-18,11885.0,121.0,649827.0,38972.0,7376.0,1254,56171302,705.0,175859
2020-10-19,22152.0,158.0,671979.0,39130.0,8009.0,1256,56171302,744.0,177115
2020-10-20,21459.0,174.0,693438.0,39304.0,8598.0,1407,56171302,782.0,178522
2020-10-21,21550.0,191.0,714988.0,39495.0,8915.0,1465,56171302,803.0,179987
2020-10-22,19685.0,187.0,734673.0,39682.0,9149.0,1459,56171302,808.0,181446
2020-10-23,18178.0,188.0,752851.0,39870.0,9781.0,1432,56171302,849.0,182878
2020-10-24,13619.0,171.0,766470.0,40041.0,10285.0,1441,56171302,894.0,184319
2020-10-25,13268.0,207.0,779738.0,40248.0,10912.0,1726,56171302,944.0,186045
2020-10-26,22850.0,226.0,802588.0,40474.0,11190.0,1880,56171302,961.0,187925
2020-10-27,20570.0,219.0,823158.0,40693.0,12411.0,1759,56171302,1061.0,189684
2020-10-28,20389.0,238.0,843547.0,40931.0,13209.0,1825,56171302,1142.0,191509
2020-10-29,20098.0,250.0,863645.0,41181.0,13214.0,1970,56171302,1152.0,193479
2020-10-30,19764.0,281.0,883409.0,41462.0,13544.0,1605,56171302,1142.0,195084
2020-10-31,14479.0,282.0,897888.0,41744.0,14274.0,1815,56171302,1163.0,196899
2020-11-01,13521.0,287.0,911409.0,42031.0,13761.0,1902,56171302,1135.0,198801
2020-11-02,28216.0,291.0,939625.0,42322.0,15065.0,1977,56171302,1247.0,200778
2020-11-03,22507.0,290.0,962132.0,42612.0,16042.0,1869,56171302,1362.0,202647
2020-11-04,20891.0,277.0,983023.0,42889.0,16101.0,2031,56171302,1414.0,204678
2020-11-05,21043.0,301.0,1004066.0,43190.0,16135.0,2015,56171302,1410.0,206693
2020-11-06,21021.0,334.0,1025087.0,43524.0,16324.0,1785,56171302,1391.0,208478
2020-11-07,16806.0,336.0,1041893.0,43860.0,16979.0,1956,56171302,1431.0,210434
2020-11-08,18218.0,339.0,1060111.0,44199.0,17159.0,2210,56171302,1445.0,212644
2020-11-09,28417.0,406.0,1088528.0,44605.0,17950.0,2355,56171302,1481.0,214999
2020-11-10,24675.0,320.0,1113203.0,44925.0,17584.0,2448,56171302,1431.0,217447
2020-11-11,24922.0,311.0,1138125.0,45236.0,18676.0,2588,56171302,1529.0,220035
2020-11-12,22192.0,352.0,1160317.0,45588.0,19143.0,2396,56171302,1542.0,222431
2020-11-13,21865.0,356.0,1182182.0,45944.0,19635.0,2186,56171302,1627.0,224617
2020-11-14,16221.0,364.0,1198403.0,46308.0,19634.0,2089,56171302,1645.0,226706
2020-11-15,14355.0,383.0,1212758.0,46691.0,20396.0,2173,56171302,1695.0,228879
2020-11-16,23995.0,360.0,1236753.0,47051.0,21060.0,2353,56171302,1705.0,231232
2020-11-17,20509.0,366.0,1257262.0,47417.0,21218.0,2184,56171302,1757.0,233416
2020-11-18,18406.0,440.0,1275668.0,47857.0,21302.0,2314,56171302,1770.0,235730
2020-11-19,15691.0,399.0,1291359.0,48256.0,21246.0,2181,56171302,1780.0,237911
2020-11-20,14851.0,394.0,1306210.0,48650.0,20862.0,1991,56171302,1777.0,239902
2020-11-21,10744.0,398.0,1316954.0,49048.0,20708.0,1810,56171302,1775.0,241712
2020-11-22,10164.0,410.0,1327118.0,49458.0,21108.0,1913,56171302,1802.0,243625
2020-11-23,16363.0,398.0,1343481.0,49856.0,21563.0,2066,56171302,1855.0,245691
2020-11-24,14145.0,406.0,1357626.0,50262.0,21157.0,1885,56171302,1866.0,247576
2020-11-25,14064.0,428.0,1371690.0,50690.0,20755.0,2028,56171302,1843.0,249604
2020-11-26,12356.0,373.0,1384046.0,51063.0,20183.0,1731,56171302,1793.0,251335
2020-11-27,12334.0,367.0,1396380.0,51430.0,19889.0,1523,56171302,1753.0,252858
2020-11-28,9297.0,385.0,1405677.0,51815.0,19146.0,1538,56171302,1706.0,254396
2020-11-29,9001.0,403.0,1414678.0,52218.0,19503.0,1738,56171302,1704.0,256134
2020-11-30,15102.0,364.0,1429780.0,52582.0,19762.0,1742,56171302,1651.0,257876
2020-12-01,13596.0,347.0,1443376.0,52929.0,19405.0,1835,56171302,1641.0,259711
2020-12-02,13528.0,334.0,1456904.0,53263.0,18998.0,1821,56171302,1597.0,261532
2020-12-03,12647.0,405.0,1469551.0,53668.0,18290.0,1927,56171302,1505.0,263459
2020-12-04,12938.0,412.0,1482489.0,54080.0,18544.0,1802,56171302,1546.0,265261
2020-12-05,10231.0,343.0,1492720.0,54423.0,18487.0,1687,56171302,1500.0,266948
2020-12-06,10985.0,354.0,1503705.0,54777.0,18821.0,1860,56171302,1518.0,268808
2020-12-07,17523.0,358.0,1521228.0,55135.0,19342.0,2025,56171302,1546.0,270833
2020-12-08,16774.0,374.0,1538002.0,55509.0,19323.0,2136,56171302,1563.0,272969
2020-12-09,17597.0,374.0,1555599.0,55883.0,19096.0,2117,56171302,1524.0,275086
2020-12-10,18652.0,376.0,1574251.0,56259.0,19373.0,2114,56171302,1536.0,277200
2020-12-11,20020.0,398.0,1594271.0,56657.0,19394.0,2012,56171302,1545.0,279212
2020-12-12,16164.0,376.0,1610435.0,57033.0,19312.0,2193,56171302,1487.0,281405
2020-12-13,18315.0,368.0,1628750.0,57401.0,20089.0,2141,56171302,1548.0,283546
2020-12-14,29757.0,414.0,1658507.0,57815.0,20822.0,2376,56171302,1529.0,285922
2020-12-15,29401.0,388.0,1687908.0,58203.0,20610.0,2369,56171302,1554.0,288291
2020-12-16,30371.0,353.0,1718279.0,58556.0,21161.0,2441,56171302,1559.0,290732
2020-12-17,29898.0,440.0,1748177.0,58996.0,21527.0,2473,56171302,1590.0,293205
2020-12-18,32072.0,435.0,1780249.0,59431.0,21551.0,2189,56171302,1573.0,295394
2020-12-19,21952.0,415.0,1802201.0,59846.0,21889.0,2330,56171302,1645.0,297724
2020-12-20,29359.0,427.0,1831560.0,60273.0,22300.0,2596,56171302,1659.0,300320
2020-12-21,43008.0,494.0,1874568.0,60767.0,23628.0,2785,56171302,1733.0,303105
2020-12-22,41358.0,490.0,1915926.0,61257.0,24006.0,2861,56171302,1745.0,305966
2020-12-23,37990.0,480.0,1953916.0,61737.0,23696.0,2544,56171302,1782.0,308510
2020-12-24,29015.0,488.0,1982931.0,62225.0,23954.0,2281,56171302,1830.0,310791
2020-12-25,12870.0,541.0,1995801.0,62766.0,23162.0,2467,56171302,1847.0,313258
2020-12-26,37258.0,569.0,2033059.0,63335.0,23840.0,3009,56171302,1931.0,316267
2020-12-27,43024.0,582.0,2076083.0,63917.0,24934.0,3271,56171302,1979.0,319538
2020-12-28,40525.0,594.0,2116608.0,64511.0,26378.0,3610,56171302,2078.0,323148
2020-12-29,73590.0,578.0,2190198.0,65089.0,28009.0,3811,56171302,2169.0,326959
2020-12-30,63789.0,628.0,2253987.0,65717.0,29162.0,3659,56171302,2326.0,330618
2020-12-31,47478.0,648.0,2301465.0,66365.0,29234.0,3271,56171302,2373.0,333889
2021-01-01,28701.0,642.0,2330166.0,67007.0,28874.0,3817,56171302,2431.0,337706
2021-01-02,55156.0,671.0,2385322.0,67678.0,30140.0,4003,56171302,2518.0,341709
2021-01-03,50413.0,654.0,2435735.0,68332.0,31732.0,4229,56171302,2729.0,345938
2021-01-04,70420.0,758.0,2506155.0,69090.0,33953.0,4583,56171302,2869.0,350521
2021-01-05,59205.0,819.0,2565360.0,69909.0,33880.0,4730,56171302,2945.0,355251
2021-01-06,52309.0,828.0,2617669.0,70737.0,35221.0,5026,56171302,3153.0,360277
2021-01-07,47674.0,887.0,2665343.0,71624.0,35690.0,5029,56171302,3245.0,365306
2021-01-08,43133.0,890.0,2708476.0,72514.0,37497.0,4585,56171302,3474.0,369891
2021-01-09,36158.0,924.0,2744634.0,73438.0,37515.0,4763,56171302,3521.0,374654
2021-01-10,33560.0,982.0,2778194.0,74420.0,39280.0,4677,56171302,3665.0,379331
2021-01-11,53045.0,1001.0,2831239.0,75421.0,40986.0,5184,56171302,3778.0,384515
2021-01-12,45548.0,1087.0,2876787.0,76508.0,41261.0,5459,56171302,3937.0,389974
2021-01-13,41934.0,1096.0,2918721.0,77604.0,41906.0,4971,56171302,4100.0,394945
2021-01-14,39309.0,1087.0,2958030.0,78691.0,42179.0,4823,56171302,4160.0,399768
2021-01-15,37547.0,1102.0,2995577.0,79793.0,42836.0,4382,56171302,4318.0,404150
2021-01-16,28181.0,1168.0,3023758.0,80961.0,42445.0,4786,56171302,4404.0,408936
2021-01-17,26807.0,1169.0,3050565.0,82130.0,43033.0,4607,56171302,4410.0,413543
2021-01-18,41602.0,1170.0,3092167.0,83300.0,44410.0,4997,56171302,4466.0,418540
2021-01-19,36700.0,1251.0,3128867.0,84551.0,44170.0,5095,56171302,4521.0,423635
2021-01-20,32416.0,1174.0,3161283.0,85725.0,44054.0,4928,56171302,4546.0,428563
2021-01-21,29373.0,1131.0,3190656.0,86856.0,43429.0,4327,56171302,4556.0,432890
2021-01-22,27501.0,1122.0,3218157.0,87978.0,43546.0,3972,56171302,4702.0,436862
2021-01-23,20301.0,1067.0,3238458.0,89045.0,42591.0,3680,56171302,4742.0,440542
2021-01-24,15790.0,1035.0,3254248.0,90080.0,42977.0,3789,56171302,4730.0,444331
2021-01-25,27753.0,1073.0,3282001.0,91153.0,43159.0,3530,56171302,4694.0,447861
2021-01-26,25023.0,961.0,3307024.0,92114.0,42343.0,3774,56171302,4642.0,451635
2021-01-27,23709.0,1008.0,3330733.0,93122.0,40440.0,3676,56171302,4594.0,455311
2021-01-28,22346.0,1019.0,3353079.0,94141.0,39736.0,3666,56171302,4552.0,458977
2021-01-29,20185.0,941.0,3373264.0,95082.0,38544.0,3201,56171302,4474.0,462178
2021-01-30,15409.0,831.0,3388673.0,95913.0,37645.0,2991,56171302,4467.0,465169
2021-01-31,14048.0,810.0,3402721.0,96723.0,37204.0,2933,56171302,4323.0,468102
2021-02-01,20608.0,808.0,3423329.0,97531.0,37538.0,3166,56171302,4378.0,471268
2021-02-02,18050.0,761.0,3441379.0,98292.0,36182.0,3039,56171302,4265.0,474307
2021-02-03,17815.0,779.0,3459194.0,99071.0,34890.0,2843,56171302,4288.0,477150
2021-02-04,16583.0,652.0,3475777.0,99723.0,33575.0,2620,56171302,4226.0,479770
2021-02-05,14320.0,676.0,3490097.0,100399.0,32354.0,2385,56171302,4155.0,482155
2021-02-06,10888.0,610.0,3500985.0,101009.0,30585.0,2335,56171302,4014.0,484490
2021-02-07,10404.0,568.0,3511389.0,101577.0,30577.0,2271,56171302,3955.0,486761
2021-02-08,14282.0,611.0,3525671.0,102188.0,30718.0,2401,56171302,3871.0,489162
2021-02-09,12592.0,538.0,3538263.0,102726.0,29475.0,2132,56171302,3787.0,491294
2021-02-10,12167.0,544.0,3550430.0,103270.0,28031.0,2096,56171302,3731.0,493390
2021-02-11,11561.0,509.0,3561991.0,103779.0,26821.0,1986,56171302,3618.0,495376
2021-02-12,10904.0,457.0,3572895.0,104236.0,25572.0,1836,56171302,3506.0,497212
2021-02-13,7977.0,432.0,3580872.0,104668.0,23891.0,1713,56171302,3383.0,498925
2021-02-14,7740.0,437.0,3588612.0,105105.0,23946.0,1900,56171302,3402.0,500825
2021-02-15,12865.0,461.0,3601477.0,105566.0,23800.0,1872,56171302,3360.0,502697
2021-02-16,11189.0,396.0,3612666.0,105962.0,22979.0,1850,56171302,3239.0,504547
2021-02-17,10326.0,386.0,3622992.0,106348.0,22174.0,1728,56171302,3128.0,506275
2021-02-18,10237.0,366.0,3633229.0,106714.0,21218.0,1630,56171302,3036.0,507905
2021-02-19,9166.0,310.0,3642395.0,107024.0,20405.0,1505,56171302,2953.0,509410
2021-02-20,7126.0,303.0,3649521.0,107327.0,19551.0,1301,56171302,2815.0,510711
2021-02-21,6992.0,284.0,3656513.0,107611.0,19341.0,1399,56171302,2789.0,512110
2021-02-22,10222.0,240.0,3666735.0,107851.0,19335.0,1420,56171302,2741.0,513530
2021-02-23,8476.0,256.0,3675211.0,108107.0,18568.0,1396,56171302,2610.0,514926
2021-02-24,7552.0,239.0,3682763.0,108346.0,17829.0,1238,56171302,2555.0,516164
2021-02-25,6884.0,218.0,3689647.0,108564.0,17119.0,1214,56171302,2474.0,517378
2021-02-26,5833.0,193.0,3695480.0,108757.0,16229.0,1049,56171302,2401.0,518427
2021-02-27,4215.0,197.0,3699695.0,108954.0,15344.0,923,56171302,2328.0,519350
2021-02-28,4089.0,201.0,3703784.0,109155.0,14893.0,920,56171302,2207.0,520270
2021-03-01,6168.0,190.0,3709952.0,109345.0,14965.0,997,56171302,2224.0,521267
2021-03-02,5889.0,157.0,3715841.0,109502.0,14054.0,954,56171302,2084.0,522221
2021-03-03,5276.0,124.0,3721117.0,109626.0,13327.0,915,56171302,2018.0,523136
2021-03-04,4971.0,130.0,3726088.0,109756.0,12579.0,846,56171302,1951.0,523982
2021-03-05,4690.0,153.0,3730778.0,109909.0,11902.0,687,56171302,1910.0,524669
2021-03-06,3793.0,128.0,3734571.0,110037.0,11112.0,743,56171302,1790.0,525412
2021-03-07,3653.0,115.0,3738224.0,110152.0,10826.0,650,56171302,1726.0,526062
2021-03-08,5775.0,122.0,3743999.0,110274.0,10848.0,714,56171302,1671.0,526776
2021-03-09,5447.0,117.0,3749446.0,110391.0,10325.0,687,56171302,1609.0,527463
2021-03-10,5188.0,96.0,3754634.0,110487.0,9622.0,709,56171302,1533.0,528172
2021-03-11,4807.0,109.0,3759441.0,110596.0,9247.0,645,56171302,1486.0,528817
2021-03-12,4734.0,83.0,3764175.0,110679.0,8841.0,563,56171302,1383.0,529380
2021-03-13,3569.0,98.0,3767744.0,110777.0,8431.0,554,56171302,1352.0,529934
2021-03-14,3692.0,83.0,3771436.0,110860.0,8356.0,500,56171302,1295.0,530434
2021-03-15,5597.0,88.0,3777033.0,110948.0,8264.0,632,56171302,1252.0,531066
2021-03-16,4883.0,69.0,3781916.0,111017.0,7823.0,518,56171302,1190.0,531584
2021-03-17,4998.0,66.0,3786914.0,111083.0,7463.0,495,56171302,1139.0,532079
2021-03-18,4635.0,52.0,3791549.0,111135.0,7021.0,523,56171302,1073.0,532602
2021-03-19,4290.0,55.0,3795839.0,111190.0,6669.0,410,56171302,1012.0,533012
2021-03-20,3484.0,58.0,3799323.0,111248.0,6312.0,397,56171302,960.0,533409
2021-03-21,4645.0,70.0,3803968.0,111318.0,6187.0,407,56171302,942.0,533816
2021-03-22,5354.0,60.0,3809322.0,111378.0,6186.0,411,56171302,919.0,534227
2021-03-23,4500.0,48.0,3813822.0,111426.0,5816.0,430,56171302,878.0,534657
2021-03-24,5269.0,36.0,3819091.0,111462.0,5468.0,407,56171302,826.0,535064
2021-03-25,4610.0,38.0,3823701.0,111500.0,5152.0,433,56171302,776.0,535497
2021-03-26,3753.0,40.0,3827454.0,111540.0,5102.0,364,56171302,773.0,535861
2021-03-27,3108.0,32.0,3830562.0,111572.0,5192.0,318,56171302,743.0,536179
2021-03-28,4460.0,27.0,3835022.0,111599.0,4751.0,314,56171302,736.0,536493
2021-03-29,3386.0,28.0,3838408.0,111627.0,4783.0,303,56171302,729.0,536796
2021-03-30,3109.0,38.0,3841517.0,111665.0,4516.0,321,56171302,715.0,537117
2021-03-31,3305.0,36.0,3844822.0,111701.0,4229.0,338,56171302,691.0,537455
2021-04-01,3019.0,28.0,3847841.0,111729.0,4032.0,259,56171302,649.0,537714
2021-04-02,2217.0,23.0,3850058.0,111752.0,3849.0,262,56171302,597.0,537976
2021-04-03,2094.0,27.0,3852152.0,111779.0,3690.0,261,56171302,590.0,538237
2021-04-04,2024.0,24.0,3854176.0,111803.0,3670.0,224,56171302,577.0,538461
2021-04-05,2293.0,12.0,3856469.0,111815.0,3688.0,281,56171302,567.0,538742
2021-04-06,2709.0,22.0,3859178.0,111837.0,3593.0,270,56171302,559.0,539012
2021-04-07,2715.0,24.0,3861893.0,111861.0,3442.0,277,56171302,542.0,539289
2021-04-08,2602.0,30.0,3864495.0,111891.0,3310.0,238,56171302,519.0,539527
2021-04-09,2440.0,21.0,3866935.0,111912.0,3214.0,245,56171302,497.0,539772
2021-04-10,1971.0,19.0,3868906.0,111931.0,3065.0,224,56171302,475.0,539996
2021-04-11,1991.0,20.0,3870897.0,111951.0,2920.0,257,56171302,478.0,540253
2021-04-12,2358.0,27.0,3873255.0,111978.0,2938.0,236,56171302,464.0,540489
2021-04-13,2017.0,20.0,3875272.0,111998.0,2823.0,217,56171302,456.0,540706
2021-04-14,2021.0,10.0,3877293.0,112008.0,2684.0,220,56171302,431.0,540926
2021-04-15,1934.0,18.0,3879227.0,112026.0,2576.0,182,56171302,405.0,541108
2021-04-16,1915.0,17.0,3881142.0,112043.0,2497.0,169,56171302,409.0,541277
2021-04-17,1363.0,21.0,3882505.0,112064.0,2349.0,201,56171302,403.0,541478
2021-04-18,2253.0,15.0,3884758.0,112079.0,2287.0,158,56171302,386.0,541636
2021-04-19,2228.0,14.0,3886986.0,112093.0,2353.0,203,56171302,397.0,541839
2021-04-20,2082.0,17.0,3889068.0,112110.0,2219.0,136,56171302,364.0,541975
2021-04-21,2262.0,17.0,3891330.0,112127.0,2163.0,163,56171302,334.0,542138
2021-04-22,2012.0,15.0,3893342.0,112142.0,2041.0,126,56171302,319.0,542264
2021-04-23,1671.0,19.0,3895013.0,112161.0,1959.0,174,56171302,296.0,542438
2021-04-24,1277.0,7.0,3896290.0,112168.0,1861.0,143,56171302,294.0,542581
2021-04-25,1876.0,12.0,3898166.0,112180.0,1831.0,152,56171302,277.0,542733
2021-04-26,2239.0,11.0,3900405.0,112191.0,1864.0,159,56171302,278.0,542892
2021-04-27,1786.0,13.0,3902191.0,112204.0,1741.0,179,56171302,257.0,543071
2021-04-28,2127.0,15.0,3904318.0,112219.0,1713.0,123,56171302,242.0,543194
2021-04-29,1837.0,13.0,3906155.0,112232.0,1647.0,116,56171302,226.0,543310
2021-04-30,1498.0,12.0,3907653.0,112244.0,1549.0,122,56171302,220.0,543432
2021-05-01,1184.0,7.0,3908837.0,112251.0,1427.0,102,56171302,217.0,543534
2021-05-02,1290.0,12.0,3910127.0,112263.0,1463.0,134,56171302,223.0,543668
2021-05-03,1789.0,9.0,3911916.0,112272.0,1478.0,142,56171302,218.0,543810
2021-05-04,2163.0,9.0,3914079.0,112281.0,1478.0,113,56171302,209.0,543923
2021-05-05,2170.0,13.0,3916249.0,112294.0,1393.0,133,56171302,213.0,544056
2021-05-06,1947.0,7.0,3918196.0,112301.0,1327.0,131,56171302,195.0,544187
2021-05-07,1633.0,10.0,3919829.0,112311.0,1319.0,107,56171302,192.0,544294
2021-05-08,1287.0,10.0,3921116.0,112321.0,1282.0,115,56171302,181.0,544409
2021-05-09,1976.0,8.0,3923092.0,112329.0,1267.0,103,56171302,176.0,544512
2021-05-10,2301.0,10.0,3925393.0,112339.0,1277.0,100,56171302,179.0,544612
2021-05-11,1843.0,14.0,3927236.0,112353.0,1246.0,104,56171302,167.0,544716
2021-05-12,1851.0,10.0,3929087.0,112363.0,1238.0,131,56171302,165.0,544847
2021-05-13,1720.0,6.0,3930807.0,112369.0,1134.0,98,56171302,157.0,544945
2021-05-14,1518.0,1.0,3932325.0,112370.0,1102.0,103,56171302,152.0,545048
2021-05-15,1292.0,8.0,3933617.0,112378.0,1082.0,96,56171302,152.0,545144
2021-05-16,1576.0,7.0,3935193.0,112385.0,1062.0,78,56171302,152.0,545222
2021-05-17,2322.0,7.0,3937515.0,112392.0,1052.0,106,56171302,152.0,545328
2021-05-18,2220.0,3.0,3939735.0,112395.0,991.0,125,56171302,150.0,545453
2021-05-19,2240.0,3.0,3941975.0,112398.0,1012.0,131,56171302,147.0,545584
2021-05-20,1983.0,6.0,3943958.0,112404.0,990.0,134,56171302,150.0,545718
2021-05-21,1855.0,8.0,3945813.0,112412.0,1017.0,121,56171302,150.0,545839
2021-05-22,1587.0,3.0,3947400.0,112415.0,965.0,109,56171302,147.0,545948
2021-05-23,1906.0,8.0,3949306.0,112423.0,1012.0,110,56171302,145.0,546058
2021-05-24,2728.0,8.0,3952034.0,112431.0,1059.0,127,56171302,145.0,546185
2021-05-25,2771.0,6.0,3954805.0,112437.0,997.0,118,56171302,150.0,546303
2021-05-26,3147.0,12.0,3957952.0,112449.0,974.0,128,56171302,145.0,546431
2021-05-27,3037.0,7.0,3960989.0,112456.0,975.0,108,56171302,142.0,546539
2021-05-28,2898.0,6.0,3963887.0,112462.0,977.0,124,56171302,143.0,546663
2021-05-29,2441.0,7.0,3966328.0,112469.0,971.0,95,56171302,137.0,546758
2021-05-30,2581.0,8.0,3968909.0,112477.0,987.0,104,56171302,140.0,546862
2021-05-31,3149.0,8.0,3972058.0,112485.0,1004.0,139,56171302,135.0,547001
2021-06-01,4455.0,3.0,3976513.0,112488.0,1007.0,150,56171302,153.0,547151
2021-06-02,4994.0,12.0,3981507.0,112500.0,1040.0,133,56171302,144.0,547284
2021-06-03,5080.0,9.0,3986587.0,112509.0,1000.0,120,56171302,155.0,547404
2021-06-04,4844.0,11.0,3991431.0,112520.0,1030.0,122,56171302,148.0,547526
2021-06-05,3937.0,6.0,3995368.0,112526.0,986.0,115,56171302,151.0,547641
2021-06-06,4703.0,7.0,4000071.0,112533.0,1010.0,150,56171302,160.0,547791
2021-06-07,6720.0,5.0,4006791.0,112538.0,1074.0,180,56171302,159.0,547971
2021-06-08,6575.0,9.0,4013366.0,112547.0,1103.0,205,56171302,169.0,548176
2021-06-09,6872.0,6.0,4020238.0,112553.0,1099.0,205,56171302,171.0,548381
2021-06-10,6650.0,11.0,4026888.0,112564.0,1138.0,207,56171302,173.0,548588
2021-06-11,6453.0,6.0,4033341.0,112570.0,1121.0,185,56171302,177.0,548773
2021-06-12,5384.0,14.0,4038725.0,112584.0,1159.0,171,56171302,187.0,548944
2021-06-13,6038.0,8.0,4044763.0,112592.0,1190.0,247,56171302,212.0,549191
2021-06-14,8872.0,10.0,4053635.0,112602.0,1254.0,241,56171302,210.0,549432
2021-06-15,9059.0,15.0,4062694.0,112617.0,1297.0,237,56171302,229.0,549669
2021-06-16,9334.0,12.0,4072028.0,112629.0,1325.0,246,56171302,232.0,549915
2021-06-17,9451.0,5.0,4081479.0,112634.0,1408.0,272,56171302,237.0,550187
2021-06-18,8717.0,10.0,4090196.0,112644.0,1485.0,253,56171302,255.0,550440
2021-06-19,7082.0,19.0,4097278.0,112663.0,1472.0,240,56171302,249.0,550680
2021-06-20,8156.0,22.0,4105434.0,112685.0,1509.0,231,56171302,253.0,550911
2021-06-21,12585.0,13.0,4118019.0,112698.0,1670.0,246,56171302,267.0,551157
2021-06-22,13486.0,9.0,4131505.0,112707.0,1682.0,249,56171302,296.0,551406
2021-06-23,14716.0,6.0,4146221.0,112713.0,1624.0,294,56171302,291.0,551700
2021-06-24,14977.0,20.0,4161198.0,112733.0,1640.0,273,56171302,305.0,551973
2021-06-25,14774.0,21.0,4175972.0,112754.0,1656.0,286,56171302,304.0,552259
2021-06-26,13404.0,9.0,4189376.0,112763.0,1660.0,314,56171302,299.0,552573
2021-06-27,15352.0,19.0,4204728.0,112782.0,1746.0,310,56171302,309.0,552883
2021-06-28,23383.0,9.0,4228111.0,112791.0,1911.0,328,56171302,346.0,553211
2021-06-29,23091.0,21.0,4251202.0,112812.0,1880.0,394,56171302,331.0,553605
2021-06-30,23793.0,21.0,4274995.0,112833.0,1948.0,454,56171302,332.0,554059
2021-07-01,24082.0,22.0,4299077.0,112855.0,2043.0,420,56171302,354.0,554479
2021-07-02,22139.0,26.0,4321216.0,112881.0,2117.0,435,56171302,381.0,554914
2021-07-03,20522.0,24.0,4341738.0,112905.0,2171.0,455,56171302,387.0,555369
2021-07-04,21701.0,23.0,4363439.0,112928.0,2334.0,573,56171302,401.0,555942
2021-07-05,30042.0,24.0,4393481.0,112952.0,2529.0,592,56171302,434.0,556534
2021-07-06,31444.0,19.0,4424925.0,112971.0,2708.0,664,56171302,466.0,557198
2021-07-07,34059.0,23.0,4458984.0,112994.0,2939.0,654,56171302,507.0,557852
2021-07-08,29695.0,29.0,4488679.0,113023.0,3040.0,689,56171302,510.0,558541
2021-07-09,28847.0,39.0,4517526.0,113062.0,3244.0,642,56171302,527.0,559183
2021-07-10,25239.0,33.0,4542765.0,113095.0,3381.0,627,56171302,540.0,559810
2021-07-11,27294.0,26.0,4570059.0,113121.0,3563.0,726,56171302,556.0,560536
2021-07-12,40233.0,34.0,4610292.0,113155.0,3889.0,874,56171302,583.0,561410
2021-07-13,42961.0,37.0,4653253.0,113192.0,4138.0,906,56171302,638.0,562316
2021-07-14,50086.0,33.0,4703339.0,113225.0,4368.0,933,56171302,664.0,563249
2021-07-15,57281.0,44.0,4760620.0,113269.0,4547.0,946,56171302,667.0,564195
2021-07-16,50900.0,40.0,4811520.0,113309.0,4733.0,857,56171302,709.0,565052
2021-07-17,35105.0,42.0,4846625.0,113351.0,4880.0,879,56171302,710.0,565931
2021-07-18,33016.0,56.0,4879641.0,113407.0,5030.0,1004,56171302,707.0,566935
2021-07-19,43207.0,70.0,4922848.0,113477.0,5393.0,1068,56171302,743.0,568003
2021-07-20,35690.0,49.0,4958538.0,113526.0,5527.0,1150,56171302,745.0,569153
2021-07-21,31419.0,44.0,4989957.0,113570.0,5753.0,1144,56171302,784.0,570297
2021-07-22,27497.0,66.0,5017454.0,113636.0,5988.0,1176,56171302,836.0,571473
2021-07-23,24389.0,73.0,5041843.0,113709.0,6285.0,1049,56171302,860.0,572522
2021-07-24,20119.0,66.0,5061962.0,113775.0,6331.0,1017,56171302,912.0,573539
2021-07-25,19502.0,65.0,5081464.0,113840.0,6648.0,1189,56171302,937.0,574728
2021-07-26,26319.0,67.0,5107783.0,113907.0,7166.0,1159,56171302,989.0,575887
2021-07-27,25782.0,59.0,5133565.0,113966.0,7297.0,1154,56171302,1028.0,577041
2021-07-28,26702.0,72.0,5160267.0,114038.0,7290.0,1029,56171302,1042.0,578070
2021-07-29,25163.0,69.0,5185430.0,114107.0,7166.0,1046,56171302,1071.0,579116
2021-07-30,21911.0,95.0,5207341.0,114202.0,7153.0,886,56171302,1089.0,580002
2021-07-31,18296.0,76.0,5225637.0,114278.0,7070.0,861,56171302,1091.0,580863
2021-08-01,18526.0,75.0,5244163.0,114353.0,7118.0,894,56171302,1056.0,581757
2021-08-02,26371.0,68.0,5270534.0,114421.0,7401.0,955,56171302,1078.0,582712
2021-08-03,26841.0,66.0,5297375.0,114487.0,7138.0,981,56171302,1063.0,583693
2021-08-04,28655.0,71.0,5326030.0,114558.0,6896.0,1058,56171302,1050.0,584751
2021-08-05,27894.0,90.0,5353924.0,114648.0,6858.0,972,56171302,1059.0,585723
2021-08-06,24619.0,81.0,5378543.0,114729.0,6772.0,922,56171302,1041.0,586645
2021-08-07,19815.0,84.0,5398358.0,114813.0,6699.0,903,56171302,1039.0,587548
2021-08-08,20024.0,67.0,5418382.0,114880.0,6866.0,907,56171302,1051.0,588455
2021-08-09,28060.0,72.0,5446442.0,114952.0,7082.0,948,56171302,1057.0,589403
2021-08-10,27416.0,68.0,5473858.0,115020.0,7045.0,1093,56171302,1084.0,590496
2021-08-11,28909.0,80.0,5502767.0,115100.0,7079.0,1081,56171302,1075.0,591577
2021-08-12,27402.0,93.0,5530169.0,115193.0,7036.0,1049,56171302,1084.0,592626
2021-08-13,24747.0,89.0,5554916.0,115282.0,7101.0,961,56171302,1100.0,593587
2021-08-14,21157.0,81.0,5576073.0,115363.0,6907.0,964,56171302,1101.0,594551
2021-08-15,21100.0,73.0,5597173.0,115436.0,7088.0,1021,56171302,1100.0,595572
2021-08-16,30611.0,75.0,5627784.0,115511.0,7580.0,1085,56171302,1114.0,596657
2021-08-17,30848.0,96.0,5658632.0,115607.0,7579.0,1164,56171302,1125.0,597821
2021-08-18,31152.0,81.0,5689784.0,115688.0,7663.0,1098,56171302,1104.0,598919
2021-08-19,28807.0,92.0,5718591.0,115780.0,7716.0,1162,56171302,1132.0,600081
2021-08-20,25345.0,101.0,5743936.0,115881.0,7752.0,1037,56171302,1174.0,601118
2021-08-21,22388.0,90.0,5766324.0,115971.0,7758.0,1039,56171302,1178.0,602157
2021-08-22,22237.0,104.0,5788561.0,116075.0,8034.0,1007,56171302,1190.0,603164
2021-08-23,30097.0,98.0,5818658.0,116173.0,8344.0,1162,56171302,1166.0,604326
2021-08-24,27959.0,102.0,5846617.0,116275.0,8241.0,1124,56171302,1183.0,605450
2021-08-25,27642.0,88.0,5874259.0,116363.0,8250.0,1190,56171302,1201.0,606640
2021-08-26,26246.0,103.0,5900505.0,116466.0,8181.0,1084,56171302,1197.0,607724
2021-08-27,24036.0,107.0,5924541.0,116573.0,8183.0,1044,56171302,1198.0,608768
2021-08-28,19979.0,105.0,5944520.0,116678.0,8004.0,955,56171302,1146.0,609723
2021-08-29,18999.0,106.0,5963519.0,116784.0,8135.0,972,56171302,1162.0,610695
2021-08-30,24757.0,88.0,5988276.0,116872.0,8316.0,1116,56171302,1174.0,611811
2021-08-31,33386.0,95.0,6021662.0,116967.0,8731.0,1100,56171302,1194.0,612911
2021-09-01,31383.0,97.0,6053045.0,117064.0,8655.0,1147,56171302,1206.0,614058
2021-09-02,30404.0,100.0,6083449.0,117164.0,8548.0,1051,56171302,1219.0,615109
2021-09-03,28513.0,124.0,6111962.0,117288.0,8569.0,994,56171302,1207.0,616103
2021-09-04,23246.0,111.0,6135208.0,117399.0,8344.0,1092,56171302,1181.0,617195
2021-09-05,23327.0,116.0,6158535.0,117515.0,8541.0,973,56171302,1186.0,618168
2021-09-06,32928.0,120.0,6191463.0,117635.0,8831.0,1135,56171302,1224.0,619303
2021-09-07,27782.0,124.0,6219245.0,117759.0,8584.0,1117,56171302,1191.0,620420
2021-09-08,25477.0,116.0,6244722.0,117875.0,8755.0,1280,56171302,1220.0,621700
2021-09-09,24271.0,130.0,6268993.0,118005.0,8729.0,1087,56171302,1216.0,622787
2021-09-10,20858.0,110.0,6289851.0,118115.0,8941.0,960,56171302,1239.0,623747
2021-09-11,16851.0,105.0,6306702.0,118220.0,8663.0,920,56171302,1188.0,624667
2021-09-12,17755.0,106.0,6324457.0,118326.0,8766.0,931,56171302,1214.0,625598
2021-09-13,25007.0,72.0,6349464.0,118398.0,8949.0,983,56171302,1218.0,626581
2021-09-14,22469.0,115.0,6371933.0,118513.0,8841.0,981,56171302,1227.0,627562
2021-09-15,22262.0,101.0,6394195.0,118614.0,8842.0,948,56171302,1262.0,628510
2021-09-16,22138.0,111.0,6416333.0,118725.0,8471.0,952,56171302,1171.0,629462
2021-09-17,22214.0,127.0,6438547.0,118852.0,8265.0,772,56171302,1166.0,630234
2021-09-18,20817.0,94.0,6459364.0,118946.0,7952.0,794,56171302,1151.0,631028
2021-09-19,24649.0,90.0,6484013.0,119036.0,8001.0,841,56171302,1140.0,631869
2021-09-20,31967.0,105.0,6515980.0,119141.0,8061.0,859,56171302,1119.0,632728
2021-09-21,30392.0,93.0,6546372.0,119234.0,7822.0,848,56171302,1076.0,633576
2021-09-22,28625.0,106.0,6574997.0,119340.0,7639.0,808,56171302,1082.0,634384
2021-09-23,28178.0,103.0,6603175.0,119443.0,7357.0,826,56171302,1050.0,635210
2021-09-24,25605.0,92.0,6628780.0,119535.0,7083.0,795,56171302,1009.0,636005
2021-09-25,23305.0,92.0,6652085.0,119627.0,7259.0,736,56171302,1006.0,636741
2021-09-26,26708.0,68.0,6678793.0,119695.0,7021.0,768,56171302,965.0,637509
2021-09-27,34445.0,78.0,6713238.0,119773.0,7261.0,870,56171302,959.0,638379
2021-09-28,29467.0,80.0,6742705.0,119853.0,7225.0,859,56171302,955.0,639238
2021-09-29,28511.0,86.0,6771216.0,119939.0,7075.0,897,56171302,943.0,640135
2021-09-30,26670.0,81.0,6797886.0,120020.0,6936.0,793,56171302,933.0,640928
2021-10-01,23984.0,98.0,6821870.0,120118.0,6752.0,738,56171302,926.0,641666
2021-10-02,21718.0,75.0,6843588.0,120193.0,6548.0,778,56171302,875.0,642444
2021-10-03,26989.0,74.0,6870577.0,120267.0,6804.0,848,56171302,898.0,643292
2021-10-04,36294.0,82.0,6906871.0,120349.0,6941.0,883,56171302,888.0,644175
2021-10-05,32095.0,84.0,6938966.0,120433.0,7128.0,952,56171302,924.0,645127
2021-10-06,32372.0,77.0,6971338.0,120510.0,7163.0,892,56171302,921.0,646019
2021-10-07,32004.0,91.0,7003342.0,120601.0,7129.0,902,56171302,928.0,646921
2021-10-08,29683.0,96.0,7033025.0,120697.0,7098.0,891,56171302,912.0,647812
2021-10-09,27022.0,92.0,7060047.0,120789.0,7013.0,891,56171302,890.0,648703
2021-10-10,31348.0,70.0,7091395.0,120859.0,7265.0,852,56171302,857.0,649555
2021-10-11,42875.0,94.0,7134270.0,120953.0,7448.0,970,56171302,869.0,650525
2021-10-12,40678.0,87.0,7174948.0,121040.0,7465.0,1075,56171302,909.0,651600
2021-10-13,40333.0,89.0,7215281.0,121129.0,7473.0,1065,56171302,911.0,652665
2021-10-14,39024.0,110.0,7254305.0,121239.0,7517.0,1032,56171302,916.0,653697
2021-10-15,36385.0,105.0,7290690.0,121344.0,7618.0,1058,56171302,926.0,654755
2021-10-16,31428.0,97.0,7322118.0,121441.0,7660.0,1053,56171302,942.0,655808
2021-10-17,37266.0,104.0,7359384.0,121545.0,7972.0,1126,56171302,957.0,656934
2021-10-18,48987.0,95.0,7408371.0,121640.0,8395.0,1267,56171302,960.0,658201
2021-10-19,44331.0,103.0,7452702.0,121743.0,8593.0,1248,56171302,1005.0,659449
2021-10-20,43674.0,120.0,7496376.0,121863.0,8874.0,1267,56171302,1016.0,660716
2021-10-21,38295.0,113.0,7534671.0,121976.0,8921.0,1152,56171302,1025.0,661868
2021-10-22,34283.0,105.0,7568954.0,122081.0,9012.0,1046,56171302,1028.0,662914
2021-10-23,29565.0,132.0,7598519.0,122213.0,8990.0,1039,56171302,1027.0,663953
2021-10-24,29923.0,117.0,7628442.0,122330.0,9116.0,1133,56171302,1047.0,665086
2021-10-25,39731.0,114.0,7668173.0,122444.0,9472.0,1169,56171302,1083.0,666255
2021-10-26,35089.0,131.0,7703262.0,122575.0,9595.0,1273,56171302,1118.0,667528
2021-10-27,36300.0,134.0,7739562.0,122709.0,9670.0,1354,56171302,1118.0,668882
2021-10-28,34871.0,154.0,7774433.0,122863.0,9768.0,1240,56171302,1105.0,670122
2021-10-29,33832.0,130.0,7808265.0,122993.0,9933.0,1155,56171302,1118.0,671277
2021-10-30,28090.0,131.0,7836355.0,123124.0,9971.0,1009,56171302,1118.0,672286
2021-10-31,29419.0,153.0,7865774.0,123277.0,10224.0,1189,56171302,1123.0,673475
2021-11-01,37471.0,136.0,7903245.0,123413.0,10482.0,1252,56171302,1181.0,674727
2021-11-02,31139.0,128.0,7934384.0,123541.0,10425.0,1226,56171302,1173.0,675953
2021-11-03,29222.0,128.0,7963606.0,123669.0,10117.0,1119,56171302,1161.0,677072
2021-11-04,27214.0,120.0,7990820.0,123789.0,9990.0,987,56171302,1181.0,678059
2021-11-05,24252.0,128.0,8015072.0,123917.0,9812.0,943,56171302,1171.0,679002
2021-11-06,22457.0,140.0,8037529.0,124057.0,9456.0,942,56171302,1160.0,679944
2021-11-07,25332.0,133.0,8062861.0,124190.0,9525.0,999,56171302,1148.0,680943
2021-11-08,35946.0,127.0,8098807.0,124317.0,9722.0,1162,56171302,1184.0,682105
2021-11-09,34505.0,126.0,8133312.0,124443.0,9716.0,1122,56171302,1178.0,683227
2021-11-10,35200.0,118.0,8168512.0,124561.0,9590.0,1126,56171302,1149.0,684353
2021-11-11,33503.0,123.0,8202015.0,124684.0,9466.0,1080,56171302,1146.0,685433
2021-11-12,31111.0,118.0,8233126.0,124802.0,9336.0,1008,56171302,1139.0,686441
2021-11-13,27226.0,108.0,8260352.0,124910.0,9156.0,902,56171302,1118.0,687343
2021-11-14,29450.0,105.0,8289802.0,125015.0,9227.0,927,56171302,1128.0,688270
2021-11-15,42284.0,137.0,8332086.0,125152.0,9454.0,940,56171302,1103.0,689210
2021-11-16,38490.0,128.0,8370576.0,125280.0,9145.0,980,56171302,1077.0,690190
2021-11-17,38096.0,99.0,8408672.0,125379.0,8846.0,971,56171302,1069.0,691161
2021-11-18,36900.0,112.0,8445572.0,125491.0,8726.0,979,56171302,1053.0,692140
2021-11-19,32999.0,104.0,8478571.0,125595.0,8707.0,880,56171302,1040.0,693020
2021-11-20,29744.0,100.0,8508315.0,125695.0,8554.0,818,56171302,1037.0,693838
2021-11-21,31623.0,89.0,8539938.0,125784.0,8723.0,886,56171302,1053.0,694724
2021-11-22,42643.0,94.0,8582581.0,125878.0,8847.0,814,56171302,1058.0,695538
2021-11-23,40841.0,121.0,8623422.0,125999.0,8613.0,914,56171302,1052.0,696452
2021-11-24,39692.0,98.0,8663114.0,126097.0,8330.0,997,56171302,1059.0,697449
2021-11-25,36963.0,107.0,8700077.0,126204.0,8357.0,877,56171302,1078.0,698326
2021-11-26,33493.0,107.0,8733570.0,126311.0,8207.0,830,56171302,1083.0,699156
2021-11-27,28294.0,86.0,8761864.0,126397.0,8021.0,823,56171302,1071.0,699979
2021-11-28,33706.0,91.0,8795570.0,126488.0,8097.0,817,56171302,1079.0,700796
2021-11-29,47671.0,105.0,8843241.0,126593.0,8311.0,895,56171302,1079.0,701691
2021-11-30,47379.0,87.0,8890620.0,126680.0,8410.0,926,56171302,1112.0,702617
2021-12-01,46997.0,102.0,8937617.0,126782.0,7890.0,938,56171302,1047.0,703555
2021-12-02,42764.0,84.0,8980381.0,126866.0,8056.0,970,56171302,1051.0,704525
2021-12-03,38918.0,112.0,9019299.0,126978.0,7956.0,821,56171302,1057.0,705346
2021-12-04,33176.0,119.0,9052475.0,127097.0,7854.0,843,56171302,1041.0,706189
2021-12-05,34823.0,89.0,9087298.0,127186.0,7991.0,958,56171302,1033.0,707147
2021-12-06,50712.0,110.0,9138010.0,127296.0,8100.0,976,56171302,1062.0,708123
2021-12-07,47779.0,93.0,9185789.0,127389.0,8131.0,1087,56171302,1042.0,709210
2021-12-08,49629.0,98.0,9235418.0,127487.0,8177.0,987,56171302,1029.0,710197
2021-12-09,48490.0,103.0,9283908.0,127590.0,8240.0,1046,56171302,1052.0,711243
2021-12-10,44655.0,94.0,9328563.0,127684.0,8143.0,924,56171302,1050.0,712167
2021-12-11,41673.0,78.0,9370236.0,127762.0,8187.0,896,56171302,1042.0,713063
2021-12-12,46084.0,106.0,9416320.0,127868.0,8318.0,996,56171302,1043.0,714059
2021-12-13,75934.0,90.0,9492254.0,127958.0,8466.0,1041,56171302,1048.0,715100
2021-12-14,90123.0,109.0,9582377.0,128067.0,8574.0,1059,56171302,1063.0,716159
2021-12-15,98955.0,95.0,9681332.0,128162.0,8457.0,1030,56171302,1046.0,717189
2021-12-16,93068.0,91.0,9774400.0,128253.0,8482.0,1001,56171302,1038.0,718190
2021-12-17,84223.0,114.0,9858623.0,128367.0,8316.0,938,56171302,1040.0,719128
2021-12-18,78339.0,92.0,9936962.0,128459.0,8253.0,934,56171302,1002.0,720062
2021-12-19,77935.0,92.0,10014897.0,128551.0,8406.0,1198,56171302,1001.0,721260
2021-12-20,116508.0,100.0,10131405.0,128651.0,8712.0,1385,56171302,1010.0,722645
2021-12-21,128587.0,87.0,10259992.0,128738.0,8993.0,1384,56171302,994.0,724029
2021-12-22,137046.0,115.0,10397038.0,128853.0,9190.0,1576,56171302,980.0,725605
2021-12-23,135975.0,119.0,10533013.0,128972.0,9175.0,1618,56171302,968.0,727223
2021-12-24,116634.0,111.0,10649647.0,129083.0,9487.0,1337,56171302,950.0,728560
2021-12-25,59516.0,93.0,10709163.0,129176.0,9233.0,1646,56171302,955.0,730206
2021-12-26,98131.0,107.0,10807294.0,129283.0,9728.0,1782,56171302,973.0,731988
2021-12-27,154331.0,126.0,10961625.0,129409.0,10806.0,2304,56171302,976.0,734292
2021-12-28,169263.0,142.0,11130888.0,129551.0,12194.0,2833,56171302,964.0,737125
2021-12-29,222188.0,103.0,11353076.0,129654.0,13375.0,3236,56171302,970.0,740361
2021-12-30,191124.0,175.0,11544200.0,129829.0,14778.0,2818,56171302,989.0,743179
2021-12-31,151496.0,147.0,11695696.0,129976.0,16161.0,2476,56171302,1002.0,745655
2022-01-01,98042.0,163.0,11793738.0,130139.0,16497.0,2448,56171302,984.0,748103
2022-01-02,147353.0,153.0,11941091.0,130292.0,17361.0,2568,56171302,995.0,750671
2022-01-03,191620.0,157.0,12132711.0,130449.0,18703.0,2947,56171302,989.0,753618
2022-01-04,232731.0,177.0,12365442.0,130626.0,19863.0,2896,56171302,1018.0,756514
2022-01-05,181964.0,192.0,12547406.0,130818.0,20635.0,2946,56171302,987.0,759460
2022-01-06,149245.0,224.0,12696651.0,131042.0,21357.0,2884,56171302,979.0,762344
2022-01-07,103789.0,228.0,12800440.0,131270.0,21525.0,2451,56171302,931.0,764795
2022-01-08,80270.0,221.0,12880710.0,131491.0,21470.0,2567,56171302,909.0,767362
2022-01-09,82256.0,235.0,12962966.0,131726.0,22049.0,2764,56171302,899.0,770126
2022-01-10,115121.0,247.0,13078087.0,131973.0,23023.0,3040,56171302,903.0,773166
2022-01-11,100122.0,248.0,13178209.0,132221.0,22886.0,2934,56171302,872.0,776100
2022-01-12,89263.0,225.0,13267472.0,132446.0,22800.0,2707,56171302,852.0,778807
2022-01-13,83421.0,233.0,13350893.0,132679.0,22625.0,2732,56171302,852.0,781539
2022-01-14,74592.0,251.0,13425485.0,132930.0,22479.0,2371,56171302,822.0,783910
2022-01-15,67357.0,256.0,13492842.0,133186.0,22186.0,2253,56171302,788.0,786163
2022-01-16,85109.0,249.0,13577951.0,133435.0,22351.0,2503,56171302,804.0,788666
2022-01-17,113970.0,259.0,13691921.0,133694.0,22700.0,2588,56171302,811.0,791254
2022-01-18,102567.0,252.0,13794488.0,133946.0,22257.0,2500,56171302,807.0,793754
2022-01-19,96753.0,239.0,13891241.0,134185.0,21592.0,2451,56171302,780.0,796205
2022-01-20,86266.0,223.0,13977507.0,134408.0,21005.0,2385,56171302,764.0,798590
2022-01-21,78518.0,269.0,14056025.0,134677.0,20406.0,2015,56171302,733.0,800605
2022-01-22,70075.0,257.0,14126100.0,134934.0,19699.0,1812,56171302,730.0,802417
2022-01-23,88178.0,219.0,14214278.0,135153.0,19607.0,2146,56171302,699.0,804563
2022-01-24,108519.0,247.0,14322797.0,135400.0,19956.0,2178,56171302,690.0,806741
2022-01-25,96430.0,211.0,14419227.0,135611.0,19329.0,2348,56171302,662.0,809089
2022-01-26,92691.0,233.0,14511918.0,135844.0,19071.0,2373,56171302,646.0,811462
2022-01-27,82138.0,257.0,14594056.0,136101.0,18694.0,2118,56171302,629.0,813580
2022-01-28,71247.0,223.0,14665303.0,136324.0,18429.0,1870,56171302,606.0,815450
2022-01-29,62658.0,236.0,14727961.0,136560.0,17489.0,1819,56171302,598.0,817269
2022-01-30,74502.0,217.0,14802463.0,136777.0,17817.0,1804,56171302,595.0,819073
2022-01-31,87851.0,227.0,14890314.0,137004.0,18227.0,2002,56171302,590.0,821075
2022-02-01,77842.0,228.0,14968156.0,137232.0,17648.0,2112,56171302,587.0,823187
2022-02-02,73408.0,225.0,15041564.0,137457.0,17135.0,1989,56171302,565.0,825176
2022-02-03,63540.0,205.0,15105104.0,137662.0,16983.0,1795,56171302,563.0,826971
2022-02-04,52110.0,179.0,15157214.0,137841.0,16448.0,1603,56171302,552.0,828574
2022-02-05,42964.0,194.0,15200178.0,138035.0,15863.0,1449,56171302,534.0,830023
2022-02-06,49877.0,189.0,15250055.0,138224.0,15687.0,1630,56171302,508.0,831653
2022-02-07,62281.0,155.0,15312336.0,138379.0,15902.0,1656,56171302,508.0,833309
2022-02-08,55032.0,165.0,15367368.0,138544.0,15522.0,1725,56171302,492.0,835034
2022-02-09,50628.0,157.0,15417996.0,138701.0,14967.0,1668,56171302,492.0,836702
2022-02-10,41027.0,165.0,15459023.0,138866.0,14564.0,1582,56171302,490.0,838284
2022-02-11,34685.0,147.0,15493708.0,139013.0,14071.0,1325,56171302,478.0,839609
2022-02-12,28854.0,148.0,15522562.0,139161.0,13546.0,1327,56171302,464.0,840936
2022-02-13,32123.0,150.0,15554685.0,139311.0,13530.0,1355,56171302,448.0,842291
2022-02-14,42191.0,169.0,15596876.0,139480.0,13811.0,1488,56171302,463.0,843779
2022-02-15,39871.0,146.0,15636747.0,139626.0,13383.0,1542,56171302,419.0,845321
2022-02-16,39184.0,148.0,15675931.0,139774.0,13121.0,1511,56171302,421.0,846832
2022-02-17,33900.0,144.0,15709831.0,139918.0,12819.0,1310,56171302,386.0,848142
2022-02-18,24756.0,130.0,15734587.0,140048.0,12435.0,1234,56171302,383.0,849376
2022-02-19,26236.0,136.0,15760823.0,140184.0,12381.0,1107,56171302,379.0,850483
2022-02-20,28238.0,141.0,15789061.0,140325.0,12168.0,1271,56171302,388.0,851754
2022-02-21,32804.0,121.0,15821865.0,140446.0,12353.0,1358,56171302,374.0,853112
2022-02-22,27782.0,119.0,15849647.0,140565.0,12022.0,1299,56171302,360.0,854411
2022-02-23,25783.0,119.0,15875430.0,140684.0,11886.0,1291,56171302,355.0,855702
2022-02-24,21654.0,132.0,15897084.0,140816.0,11595.0,1299,56171302,336.0,857001
2022-02-25,19315.0,118.0,15916399.0,140934.0,11352.0,1129,56171302,312.0,858130
2022-02-26,17421.0,115.0,15933820.0,141049.0,11006.0,1188,56171302,287.0,859318
2022-02-27,22019.0,105.0,15955839.0,141154.0,11160.0,1231,56171302,300.0,860549
2022-02-28,31591.0,117.0,15987430.0,141271.0,11461.0,1533,56171302,320.0,862082
2022-03-01,31529.0,111.0,16018959.0,141382.0,11364.0,1438,56171302,306.0,863520
2022-03-02,33088.0,128.0,16052047.0,141510.0,11226.0,1546,56171302,311.0,865066
2022-03-03,31263.0,138.0,16083310.0,141648.0,10858.0,1607,56171302,285.0,866673
2022-03-04,30316.0,106.0,16113626.0,141754.0,11206.0,1362,56171302,293.0,868035
2022-03-05,28260.0,104.0,16141886.0,141858.0,11225.0,1351,56171302,289.0,869386
2022-03-06,35676.0,102.0,16177562.0,141960.0,11334.0,1603,56171302,289.0,870989
2022-03-07,50614.0,113.0,16228176.0,142073.0,11850.0,1645,56171302,296.0,872634
2022-03-08,51977.0,126.0,16280153.0,142199.0,12168.0,1788,56171302,301.0,874422
2022-03-09,55090.0,122.0,16335243.0,142321.0,12151.0,1971,56171302,292.0,876393
2022-03-10,53873.0,126.0,16389116.0,142447.0,12196.0,1856,56171302,272.0,878249
2022-03-11,51839.0,118.0,16440955.0,142565.0,12341.0,1870,56171302,273.0,880119
2022-03-12,48762.0,121.0,16489717.0,142686.0,12667.0,1801,56171302,263.0,881920
2022-03-13,59894.0,121.0,16549611.0,142807.0,13020.0,2105,56171302,263.0,884025
2022-03-14,79026.0,153.0,16628637.0,142960.0,13903.0,2205,56171302,290.0,886230
2022-03-15,73621.0,131.0,16702258.0,143091.0,14327.0,2346,56171302,285.0,888576
2022-03-16,73423.0,145.0,16775681.0,143236.0,14533.0,2370,56171302,279.0,890946
2022-03-17,67168.0,156.0,16842849.0,143392.0,14947.0,2250,56171302,295.0,893196
2022-03-18,61346.0,157.0,16904195.0,143549.0,15264.0,2193,56171302,284.0,895389
2022-03-19,54698.0,145.0,16958893.0,143694.0,15340.0,2398,56171302,278.0,897787
2022-03-20,66448.0,150.0,17025341.0,143844.0,15948.0,2408,56171302,281.0,900195
2022-03-21,89320.0,143.0,17114661.0,143987.0,16866.0,2663,56171302,300.0,902858
2022-03-22,81235.0,178.0,17195896.0,144165.0,17263.0,2844,56171302,330.0,905702
2022-03-23,76949.0,159.0,17272845.0,144324.0,17608.0,2879,56171302,322.0,908581
2022-03-24,68020.0,170.0,17340865.0,144494.0,18151.0,2714,56171302,357.0,911295
2022-03-25,59720.0,174.0,17400585.0,144668.0,18415.0,2588,56171302,357.0,913883
2022-03-26,51308.0,185.0,17451893.0,144853.0,18524.0,2470,56171302,376.0,916353
2022-03-27,57576.0,184.0,17509469.0,145037.0,19352.0,2769,56171302,374.0,919122
2022-03-28,78328.0,186.0,17587797.0,145223.0,20338.0,3130,56171302,401.0,922252
2022-03-29,66938.0,199.0,17654735.0,145422.0,20659.0,2976,56171302,408.0,925228
2022-03-30,62244.0,209.0,17716979.0,145631.0,21030.0,3219,56171302,401.0,928447
2022-03-31,45421.0,219.0,17762400.0,145850.0,21027.0,2957,56171302,392.0,931404
2022-04-01,39907.0,213.0,17802307.0,146063.0,21497.0,2541,56171302,385.0,933945
2022-04-02,31239.0,255.0,17833546.0,146318.0,21284.0,2501,56171302,381.0,936446
2022-04-03,35266.0,225.0,17868812.0,146543.0,21663.0,2802,56171302,377.0,939248
2022-04-04,44697.0,205.0,17913509.0,146748.0,22374.0,2921,56171302,383.0,942169
2022-04-05,39952.0,223.0,17953461.0,146971.0,22460.0,3127,56171302,399.0,945296
2022-04-06,36454.0,240.0,17989915.0,147211.0,22579.0,2950,56171302,395.0,948246
2022-04-07,31328.0,242.0,18021243.0,147453.0,22511.0,2745,56171302,394.0,950991
2022-04-08,26993.0,264.0,18048236.0,147717.0,22251.0,2370,56171302,392.0,953361
2022-04-09,22693.0,237.0,18070929.0,147954.0,21602.0,2320,56171302,404.0,955681
2022-04-10,25363.0,238.0,18096292.0,148192.0,21875.0,2473,56171302,413.0,958154
2022-04-11,30234.0,234.0,18126526.0,148426.0,22358.0,2646,56171302,423.0,960800
2022-04-12,27065.0,249.0,18153591.0,148675.0,22026.0,2782,56171302,426.0,963582
2022-04-13,25189.0,259.0,18178780.0,148934.0,20994.0,2609,56171302,381.0,966191
2022-04-14,21118.0,233.0,18199898.0,149167.0,20449.0,2275,56171302,377.0,968466
2022-04-15,17004.0,210.0,18216902.0,149377.0,19803.0,2004,56171302,350.0,970470
2022-04-16,15827.0,228.0,18232729.0,149605.0,19782.0,1765,56171302,368.0,972235
2022-04-17,16061.0,221.0,18248790.0,149826.0,19572.0,1848,56171302,359.0,974083
2022-04-18,20271.0,217.0,18269061.0,150043.0,19701.0,2057,56171302,359.0,976140
2022-04-19,20276.0,175.0,18289337.0,150218.0,20093.0,2008,56171302,378.0,978148
2022-04-20,16696.0,204.0,18306033.0,150422.0,19446.0,1816,56171302,383.0,979964
2022-04-21,14271.0,176.0,18320304.0,150598.0,18447.0,1758,56171302,362.0,981722
2022-04-22,12250.0,186.0,18332554.0,150784.0,17768.0,1640,56171302,346.0,983362
2022-04-23,10355.0,177.0,18342909.0,150961.0,16810.0,1522,56171302,359.0,984884
2022-04-24,11680.0,159.0,18354589.0,151120.0,16758.0,1462,56171302,359.0,986346
2022-04-25,13182.0,163.0,18367771.0,151283.0,16589.0,1553,56171302,351.0,987899
2022-04-26,11091.0,149.0,18378862.0,151432.0,15674.0,1506,56171302,354.0,989405
2022-04-27,9931.0,160.0,18388793.0,151592.0,15150.0,1497,56171302,330.0,990902
2022-04-28,8835.0,167.0,18397628.0,151759.0,14424.0,1281,56171302,318.0,992183
2022-04-29,7787.0,147.0,18405415.0,151906.0,13718.0,1212,56171302,327.0,993395
2022-04-30,6706.0,162.0,18412121.0,152068.0,13108.0,986,56171302,339.0,994381
2022-05-01,7546.0,149.0,18419667.0,152217.0,12908.0,1109,56171302,326.0,995490
2022-05-02,10141.0,133.0,18429808.0,152350.0,12845.0,1115,56171302,318.0,996605
2022-05-03,10927.0,119.0,18440735.0,152469.0,12697.0,1202,56171302,301.0,997807
2022-05-04,9587.0,119.0,18450322.0,152588.0,12282.0,1191,56171302,304.0,998998
2022-05-05,8382.0,111.0,18458704.0,152699.0,11776.0,1086,56171302,286.0,1000084
2022-05-06,7282.0,122.0,18465986.0,152821.0,11186.0,1002,56171302,264.0,1001086
2022-05-07,6160.0,114.0,18472146.0,152935.0,10641.0,810,56171302,242.0,1001896
2022-05-08,7466.0,103.0,18479612.0,153038.0,10559.0,913,56171302,246.0,1002809
2022-05-09,8660.0,103.0,18488272.0,153141.0,10455.0,1004,56171302,232.0,1003813
2022-05-10,7915.0,105.0,18496187.0,153246.0,10034.0,995,56171302,218.0,1004808
2022-05-11,7056.0,87.0,18503243.0,153333.0,9597.0,920,56171302,207.0,1005728
2022-05-12,6182.0,99.0,18509425.0,153432.0,9049.0,927,56171302,198.0,1006655
2022-05-13,5535.0,88.0,18514960.0,153520.0,8708.0,754,56171302,201.0,1007409
2022-05-14,4944.0,79.0,18519904.0,153599.0,8493.0,755,56171302,214.0,1008164
2022-05-15,6505.0,80.0,18526409.0,153679.0,8492.0,763,56171302,215.0,1008927
2022-05-16,7649.0,67.0,18534058.0,153746.0,8255.0,778,56171302,197.0,1009705
2022-05-17,6559.0,81.0,18540617.0,153827.0,7833.0,806,56171302,217.0,1010511
2022-05-18,6157.0,55.0,18546774.0,153882.0,7300.0,867,56171302,200.0,1011378
2022-05-19,5544.0,56.0,18552318.0,153938.0,7297.0,776,56171302,213.0,1012154
2022-05-20,4786.0,65.0,18557104.0,154003.0,7084.0,607,56171302,218.0,1012761
2022-05-21,4007.0,61.0,18561111.0,154064.0,6901.0,529,56171302,207.0,1013290
2022-05-22,4935.0,60.0,18566046.0,154124.0,6875.0,613,56171302,199.0,1013903
2022-05-23,5944.0,60.0,18571990.0,154184.0,6831.0,693,56171302,188.0,1014596
2022-05-24,5322.0,45.0,18577312.0,154229.0,6370.0,628,56171302,177.0,1015224
2022-05-25,4956.0,43.0,18582268.0,154272.0,6136.0,642,56171302,173.0,1015866
2022-05-26,4604.0,61.0,18586872.0,154333.0,5945.0,574,56171302,165.0,1016440
2022-05-27,4229.0,48.0,18591101.0,154381.0,5686.0,589,56171302,169.0,1017029
2022-05-28,3822.0,53.0,18594923.0,154434.0,5429.0,519,56171302,159.0,1017548
2022-05-29,4429.0,34.0,18599352.0,154468.0,5432.0,600,56171302,154.0,1018148
2022-05-30,5568.0,58.0,18604920.0,154526.0,5512.0,642,56171302,150.0,1018790
2022-05-31,5431.0,55.0,18610351.0,154581.0,5439.0,669,56171302,148.0,1019459
2022-06-01,5393.0,40.0,18615744.0,154621.0,5187.0,660,56171302,154.0,1020119
2022-06-02,4811.0,44.0,18620555.0,154665.0,5180.0,574,56171302,156.0,1020693
2022-06-03,5293.0,33.0,18625848.0,154698.0,5170.0,552,56171302,155.0,1021245
2022-06-04,5932.0,48.0,18631780.0,154746.0,5112.0,600,56171302,137.0,1021845
2022-06-05,8022.0,44.0,18639802.0,154790.0,5323.0,715,56171302,142.0,1022560
2022-06-06,9394.0,47.0,18649196.0,154837.0,5516.0,814,56171302,150.0,1023374
2022-06-07,9131.0,38.0,18658327.0,154875.0,5499.0,785,56171302,145.0,1024159
2022-06-08,9614.0,39.0,18667941.0,154914.0,5477.0,895,56171302,157.0,1025054
2022-06-09,9194.0,33.0,18677135.0,154947.0,5514.0,851,56171302,162.0,1025905
2022-06-10,8774.0,49.0,18685909.0,154996.0,5738.0,801,56171302,145.0,1026706
2022-06-11,8234.0,43.0,18694143.0,155039.0,5724.0,800,56171302,155.0,1027506
2022-06-12,10567.0,30.0,18704710.0,155069.0,5929.0,874,56171302,148.0,1028380
2022-06-13,12754.0,36.0,18717464.0,155105.0,6161.0,977,56171302,151.0,1029357
2022-06-14,12483.0,36.0,18729947.0,155141.0,6362.0,1038,56171302,152.0,1030395
2022-06-15,12206.0,46.0,18742153.0,155187.0,6524.0,1123,56171302,153.0,1031518
2022-06-16,11753.0,55.0,18753906.0,155242.0,6756.0,1107,56171302,157.0,1032625
2022-06-17,11463.0,50.0,18765369.0,155292.0,6751.0,1132,56171302,138.0,1033757
2022-06-18,11522.0,48.0,18776891.0,155340.0,6930.0,1081,56171302,159.0,1034838
2022-06-19,14388.0,57.0,18791279.0,155397.0,7271.0,1254,56171302,162.0,1036092
2022-06-20,16704.0,59.0,18807983.0,155456.0,7649.0,1459,56171302,176.0,1037551
2022-06-21,17321.0,53.0,18825304.0,155509.0,8021.0,1547,56171302,169.0,1039098
2022-06-22,17512.0,65.0,18842816.0,155574.0,8260.0,1512,56171302,172.0,1040610
2022-06-23,16493.0,70.0,18859309.0,155644.0,8536.0,1650,56171302,177.0,1042260
2022-06-24,15409.0,52.0,18874718.0,155696.0,9032.0,1494,56171302,192.0,1043754
2022-06-25,14294.0,71.0,18889012.0,155767.0,9280.0,1397,56171302,207.0,1045151
2022-06-26,17886.0,64.0,18906898.0,155831.0,9959.0,1736,56171302,223.0,1046887
2022-06-27,21648.0,72.0,18928546.0,155903.0,10483.0,1939,56171302,239.0,1048826
2022-06-28,21590.0,68.0,18950136.0,155971.0,10955.0,2004,56171302,255.0,1050830
2022-06-29,21464.0,84.0,18971600.0,156055.0,11530.0,2099,56171302,246.0,1052929
2022-06-30,21253.0,80.0,18992853.0,156135.0,11980.0,2168,56171302,266.0,1055097
2022-07-01,20808.0,90.0,19013661.0,156225.0,12598.0,1823,56171302,277.0,1056920
2022-07-02,19391.0,104.0,19033052.0,156329.0,12895.0,1858,56171302,269.0,1058778
2022-07-03,24957.0,93.0,19058009.0,156422.0,13402.0,2388,56171302,270.0,1061166
2022-07-04,30039.0,114.0,19088048.0,156536.0,14279.0,2581,56171302,279.0,1063747
2022-07-05,27818.0,110.0,19115866.0,156646.0,14810.0,2628,56171302,285.0,1066375
2022-07-06,26428.0,125.0,19142294.0,156771.0,15410.0,2623,56171302,271.0,1068998
2022-07-07,23800.0,117.0,19166094.0,156888.0,15940.0,2691,56171302,287.0,1071689
2022-07-08,21871.0,128.0,19187965.0,157016.0,16518.0,2313,56171302,279.0,1074002
2022-07-09,19138.0,140.0,19207103.0,157156.0,16790.0,2135,56171302,285.0,1076137
2022-07-10,22801.0,145.0,19229904.0,157301.0,17347.0,2571,56171302,311.0,1078708
2022-07-11,26880.0,145.0,19256784.0,157446.0,17993.0,2716,56171302,331.0,1081424
2022-07-12,24068.0,159.0,19280852.0,157605.0,18388.0,2652,56171302,330.0,1084076
2022-07-13,21358.0,150.0,19302210.0,157755.0,18603.0,2622,56171302,347.0,1086698
2022-07-14,19083.0,136.0,19321293.0,157891.0,18682.0,2542,56171302,356.0,1089240
2022-07-15,16367.0,139.0,19337660.0,158030.0,18862.0,2054,56171302,357.0,1091294
2022-07-16,13473.0,155.0,19351133.0,158185.0,18569.0,1898,56171302,393.0,1093192
2022-07-17,15502.0,187.0,19366635.0,158372.0,18828.0,2289,56171302,372.0,1095481
2022-07-18,16675.0,147.0,19383310.0,158519.0,19092.0,2396,56171302,388.0,1097877
2022-07-19,14624.0,294.0,19397934.0,158813.0,18830.0,2527,56171302,397.0,1100404
2022-07-20,14326.0,204.0,19412260.0,159017.0,18377.0,2324,56171302,361.0,1102728
2022-07-21,12578.0,144.0,19424838.0,159161.0,18139.0,2119,56171302,365.0,1104847
2022-07-22,10980.0,135.0,19435818.0,159296.0,17871.0,1653,56171302,379.0,1106500
2022-07-23,8776.0,153.0,19444594.0,159449.0,16893.0,1550,56171302,362.0,1108050
2022-07-24,10046.0,171.0,19454640.0,159620.0,17077.0,1835,56171302,391.0,1109885
2022-07-25,11733.0,143.0,19466373.0,159763.0,16987.0,1851,56171302,396.0,1111736
2022-07-26,10318.0,138.0,19476691.0,159901.0,16435.0,1806,56171302,365.0,1113542
2022-07-27,9268.0,141.0,19485959.0,160042.0,16101.0,1642,56171302,350.0,1115184
2022-07-28,8164.0,166.0,19494123.0,160208.0,15385.0,1619,56171302,345.0,1116803
2022-07-29,7419.0,164.0,19501542.0,160372.0,15109.0,1377,56171302,328.0,1118180
2022-07-30,6489.0,125.0,19508031.0,160497.0,14319.0,1290,56171302,304.0,1119470
2022-07-31,7551.0,138.0,19515582.0,160635.0,14147.0,1557,56171302,289.0,1121027
2022-08-01,8649.0,145.0,19524231.0,160780.0,14056.0,1577,56171302,311.0,1122604
2022-08-02,8020.0,145.0,19532251.0,160925.0,13746.0,1491,56171302,312.0,1124095
2022-08-03,7262.0,145.0,19539513.0,161070.0,13273.0,1444,56171302,294.0,1125539
2022-08-04,6421.0,116.0,19545934.0,161186.0,12859.0,1415,56171302,289.0,1126954
2022-08-05,5759.0,115.0,19551693.0,161301.0,12340.0,1244,56171302,289.0,1128198
2022-08-06,4748.0,112.0,19556441.0,161413.0,11897.0,1069,56171302,283.0,1129267
2022-08-07,5795.0,126.0,19562236.0,161539.0,11883.0,1232,56171302,278.0,1130499
2022-08-08,7112.0,122.0,19569348.0,161661.0,12034.0,1354,56171302,285.0,1131853
2022-08-09,6351.0,116.0,19575699.0,161777.0,11589.0,1376,56171302,295.0,1133229
2022-08-10,5884.0,111.0,19581583.0,161888.0,11436.0,1392,56171302,276.0,1134621
2022-08-11,5327.0,135.0,19586910.0,162023.0,11271.0,1221,56171302,262.0,1135842
2022-08-12,4697.0,126.0,19591607.0,162149.0,10909.0,1021,56171302,243.0,1136863
2022-08-13,3884.0,125.0,19595491.0,162274.0,10785.0,1047,56171302,237.0,1137910
2022-08-14,4706.0,103.0,19600197.0,162377.0,11071.0,1062,56171302,236.0,1138972
2022-08-15,5514.0,119.0,19605711.0,162496.0,10922.0,1189,56171302,246.0,1140161
2022-08-16,4767.0,101.0,19610478.0,162597.0,10549.0,1121,56171302,245.0,1141282
2022-08-17,4311.0,79.0,19614789.0,162676.0,10057.0,1073,56171302,254.0,1142355
2022-08-18,3785.0,83.0,19618574.0,162759.0,10016.0,953,56171302,222.0,1143308
2022-08-19,3246.0,74.0,19621820.0,162833.0,9511.0,898,56171302,213.0,1144206
2022-08-20,2773.0,93.0,19624593.0,162926.0,9126.0,800,56171302,198.0,1145006
2022-08-21,3477.0,89.0,19628070.0,163015.0,8997.0,836,56171302,194.0,1145842
2022-08-22,4429.0,84.0,19632499.0,163099.0,9150.0,917,56171302,196.0,1146759
2022-08-23,3953.0,76.0,19636452.0,163175.0,8655.0,984,56171302,175.0,1147743
2022-08-24,3819.0,61.0,19640271.0,163236.0,8484.0,899,56171302,189.0,1148642
2022-08-25,3167.0,65.0,19643438.0,163301.0,8375.0,880,56171302,180.0,1149522
2022-08-26,2922.0,68.0,19646360.0,163369.0,7874.0,723,56171302,171.0,1150245
2022-08-27,2550.0,68.0,19648910.0,163437.0,7759.0,682,56171302,172.0,1150927
2022-08-28,2841.0,71.0,19651751.0,163508.0,7683.0,755,56171302,175.0,1151682
2022-08-29,3885.0,61.0,19655636.0,163569.0,7769.0,835,56171302,179.0,1152517
2022-08-30,4424.0,59.0,19660060.0,163628.0,7685.0,860,56171302,174.0,1153377
2022-08-31,3885.0,86.0,19663945.0,163714.0,7626.0,828,56171302,183.0,1154205
2022-09-01,3701.0,63.0,19667646.0,163777.0,7480.0,751,56171302,197.0,1154956
2022-09-02,3180.0,64.0,19670826.0,163841.0,7242.0,657,56171302,183.0,1155613
2022-09-03,2930.0,47.0,19673756.0,163888.0,7034.0,623,56171302,175.0,1156236
2022-09-04,3285.0,59.0,16622240.0,142787.0,6091.0,631,47189046,101.0,1021380
2022-09-05,4308.0,57.0,19681785.0,164008.0,7109.0,762,56171302,159.0,1157678
2022-09-06,3869.0,46.0,19685654.0,164054.0,6913.0,756,56171302,169.0,1158434
2022-09-07,3681.0,49.0,19689335.0,164103.0,6698.0,741,56171302,146.0,1159175
2022-09-08,3192.0,36.0,19692527.0,164139.0,6705.0,712,56171302,158.0,1159887
2022-09-09,2987.0,36.0,19695514.0,164175.0,6596.0,598,56171302,154.0,1160485
2022-09-10,2756.0,24.0,19698270.0,164199.0,6413.0,574,56171302,164.0,1161059
2022-09-11,3768.0,27.0,19702038.0,164226.0,6461.0,694,56171302,169.0,1161753
2022-09-12,4427.0,12.0,19706465.0,164238.0,6471.0,719,56171302,161.0,1162472
