S(t),I(t),H(t),C(t),R(t),D(t),date
56299696.0,6217.409,15552.605,1061.1228,-398082.84,688.5394,2020-04-02
56392612.0,13648.227,17330.203,1417.4323,-144312.12,706.15125,2020-04-03
56150884.0,15595.509,17750.676,1630.3667,-107402.04,710.4493,2020-04-04
56186356.0,16856.006,18409.523,1832.6963,-127021.89,735.6062,2020-04-05
56185220.0,14763.226,19319.281,2050.8193,-154616.7,763.3487,2020-04-06
56108624.0,15380.933,20356.496,2291.1692,-189393.72,791.0832,2020-04-07
56044490.0,18450.674,21360.324,2539.0474,-224626.5,817.9169,2020-04-08
56031144.0,21240.107,22228.049,2773.3691,-247103.05,839.38855,2020-04-09
56054812.0,23357.795,22922.115,2979.234,-256803.89,852.3609,2020-04-10
56086524.0,25607.998,23436.256,3149.9353,-263090.75,856.57355,2020-04-11
56104812.0,28251.057,23778.064,3284.8938,-272434.1,853.47516,2020-04-12
56100920.0,30860.51,23963.662,3386.9282,-284683.84,844.9595,2020-04-13
56075748.0,32844.387,24014.26,3460.106,-295996.1,832.7251,2020-04-14
56035100.0,33875.035,23953.04,3508.5146,-302515.16,818.07806,2020-04-15
55986016.0,33967.375,23802.092,3535.7231,-302200.88,801.9451,2020-04-16
55934870.0,33396.188,23580.746,3544.6687,-295044.6,784.9445,2020-04-17
55886484.0,32539.293,23304.871,3537.7524,-282393.06,767.4651,2020-04-18
55843950.0,31757.701,22986.896,3516.9583,-266216.38,749.7325,2020-04-19
55808876.0,31329.02,22636.389,3483.992,-248536.25,731.86194,2020-04-20
55781684.0,31427.701,22260.719,3440.3652,-231046.22,713.8973,2020-04-21
55762010.0,32116.955,21865.771,3387.4565,-214992.62,695.8478,2020-04-22
55748996.0,33383.03,21456.209,3326.5432,-201160.66,677.7087,2020-04-23
55741548.0,35146.28,21036.078,3258.8154,-189906.73,659.46924,2020-04-24
55738490.0,37296.63,20608.76,3185.37,-181295.64,641.1299,2020-04-25
55738690.0,39703.55,20177.385,3107.2366,-175165.38,622.70154,2020-04-26
55741148.0,42236.645,19744.521,3025.3516,-171216.78,604.20715,2020-04-27
55745004.0,44773.383,19312.574,2940.5823,-169077.25,585.6802,2020-04-28
55749584.0,47206.617,18883.611,2853.6982,-168360.1,567.1636,2020-04-29
55754356.0,49445.426,18459.328,2765.409,-168687.34,548.7076,2020-04-30
55758910.0,51423.664,18041.066,2676.3342,-169726.34,530.36285,2020-05-01
55763004.0,53087.06,17630.043,2587.027,-171183.3,512.18365,2020-05-02
55766450.0,54406.35,17227.018,2497.9807,-172814.16,494.2254,2020-05-03
55769156.0,55362.168,16832.629,2409.612,-174429.88,476.53586,2020-05-04
55771092.0,55949.566,16447.17,2322.289,-175887.92,459.16208,2020-05-05
55772276.0,56176.418,16070.905,2236.3262,-177079.2,442.14737,2020-05-06
55772740.0,56058.703,15703.815,2151.9775,-177947.55,425.52612,2020-05-07
55772556.0,55620.62,15345.783,2069.477,-178449.75,409.33224,2020-05-08
55771800.0,54888.254,14996.633,1988.9906,-178571.8,393.59012,2020-05-09
55770550.0,53891.56,14656.018,1910.6606,-178323.39,378.321,2020-05-10
55768870.0,52665.777,14323.6455,1834.6042,-177718.58,363.54047,2020-05-11
55766856.0,51242.277,13999.152,1760.8954,-176785.42,349.25833,2020-05-12
55764548.0,49655.48,13682.181,1689.592,-175549.88,335.48083,2020-05-13
55762024.0,47937.812,13372.289,1620.7272,-174055.11,322.21173,2020-05-14
55759324.0,46117.348,13069.12,1554.313,-172334.62,309.44937,2020-05-15
55756504.0,44224.99,12772.346,1490.3496,-170420.8,297.18918,2020-05-16
55753588.0,42287.51,12481.628,1428.8175,-168360.1,285.42462,2020-05-17
55750604.0,40328.895,12196.63,1369.6892,-166186.0,274.14706,2020-05-18
55747570.0,38368.277,11917.104,1312.9182,-163920.1,263.34378,2020-05-19
55744516.0,36426.34,11642.79,1258.4619,-161595.86,253.00546,2020-05-20
55741436.0,34519.527,11373.479,1206.2659,-159238.16,243.11668,2020-05-21
55738360.0,32662.059,11108.964,1156.2644,-156864.25,233.66248,2020-05-22
55735268.0,30864.857,10849.098,1108.3948,-154505.45,224.6284,2020-05-23
55732188.0,29137.557,10593.717,1062.5896,-152166.11,215.99931,2020-05-24
55729100.0,27489.318,10342.719,1018.7812,-149867.8,207.7583,2020-05-25
55726012.0,25925.781,10096.026,976.89594,-147614.86,199.89023,2020-05-26
55722930.0,24450.12,9853.543,936.8628,-145423.47,192.37927,2020-05-27
55719844.0,23063.979,9615.236,898.60547,-143293.64,185.20905,2020-05-28
55716760.0,21770.646,9380.99,862.05145,-141239.42,178.36292,2020-05-29
55713696.0,20570.592,9150.804,827.13495,-139267.3,171.82755,2020-05-30
55710628.0,19461.586,8924.662,793.78625,-137358.88,165.58807,2020-05-31
55707572.0,18443.154,8702.529,761.9317,-135540.1,159.6291,2020-06-01
55704532.0,17512.717,8484.375,731.50836,-133807.73,153.93689,2020-06-02
55701504.0,16665.219,8270.219,702.4453,-132150.97,148.49771,2020-06-03
55698508.0,15900.427,8060.01,674.6845,-130583.836,143.29932,2020-06-04
55695532.0,15211.41,7853.7637,648.16284,-129099.875,138.3294,2020-06-05
55692590.0,14596.17,7651.429,622.82355,-127695.83,133.57503,2020-06-06
55689704.0,14047.305,7453.0522,598.6048,-126371.71,129.0262,2020-06-07
55686864.0,13564.111,7258.5664,575.45404,-125135.08,124.66988,2020-06-08
55684068.0,13139.658,7067.9873,553.3217,-123972.96,120.49913,2020-06-09
55681348.0,12766.8955,6881.2783,532.15344,-122895.09,116.502426,2020-06-10
55678704.0,12445.471,6698.4346,511.89984,-121888.5,112.669365,2020-06-11
55676140.0,12166.692,6519.4106,492.51526,-120959.67,108.99203,2020-06-12
55673668.0,11927.738,6344.1904,473.95917,-120110.77,105.46264,2020-06-13
55671296.0,11724.616,6172.7285,456.1829,-119335.305,102.071915,2020-06-14
55669028.0,11548.867,6005.0396,439.14752,-118632.2,98.81359,2020-06-15
55666876.0,11401.9,5841.0166,422.8175,-117998.23,95.67908,2020-06-16
55664850.0,11275.374,5680.659,407.15475,-117435.53,92.66378,2020-06-17
55662940.0,11167.881,5523.9116,392.12372,-116949.516,89.7598,2020-06-18
55661170.0,11074.602,5370.7427,377.68964,-116531.55,86.96117,2020-06-19
55659532.0,10990.486,5221.111,363.82678,-116179.45,84.26274,2020-06-20
55658056.0,10914.947,5074.92,350.49982,-115891.086,81.65883,2020-06-21
55656708.0,10843.284,4932.134,337.6784,-115676.16,79.145004,2020-06-22
55655532.0,10772.562,4792.742,325.34036,-115529.27,76.71515,2020-06-23
55654508.0,10700.899,4656.648,313.45938,-115436.39,74.36662,2020-06-24
55653640.0,10625.478,4523.794,302.0087,-115412.63,72.09345,2020-06-25
55652936.0,10544.769,4394.125,290.96637,-115455.836,69.89302,2020-06-26
55652396.0,10456.659,4267.5684,280.31378,-115555.195,67.76087,2020-06-27
55652020.0,10357.859,4144.1455,270.02744,-115710.72,65.6934,2020-06-28
55651812.0,10248.368,4023.6611,260.0892,-115926.73,63.68839,2020-06-29
55651770.0,10127.364,3906.126,250.47836,-116198.9,61.740417,2020-06-30
55651884.0,9993.32,3791.4885,241.18225,-116525.06,59.8488,2020-07-01
55652170.0,9842.946,3679.6465,232.18066,-116899.836,58.010475,2020-07-02
55652612.0,9680.002,3570.5793,223.46371,-117328.61,56.221844,2020-07-03
55653220.0,9498.496,3464.2205,215.01115,-117801.664,54.481926,2020-07-04
55653988.0,9301.482,3360.4626,206.81042,-118320.08,52.787254,2020-07-05
55654896.0,9089.432,3259.2805,198.85384,-118877.375,51.13464,2020-07-06
55655960.0,8860.2295,3160.627,191.12497,-119481.11,49.525326,2020-07-07
55657172.0,8615.637,3064.4055,183.6167,-120112.93,47.95418,2020-07-08
55658520.0,8353.423,2970.5952,176.31645,-120779.31,46.42065,2020-07-09
55660016.0,8074.6436,2879.1096,169.21272,-121475.93,44.924316,2020-07-10
55661628.0,7781.767,2789.938,162.30005,-122197.39,43.461845,2020-07-11
55663372.0,7474.793,2702.968,155.57404,-122943.695,42.033382,2020-07-12
55665236.0,7152.7812,2618.1328,149.01935,-123705.12,40.635174,2020-07-13
55667210.0,6816.4375,2535.448,142.62946,-124480.58,39.269028,2020-07-14
55669304.0,6468.8154,2454.8264,136.40321,-125265.76,37.93064,2020-07-15
55671476.0,6110.15,2376.2375,130.33136,-126059.586,36.621956,2020-07-16
55673750.0,5741.382,2299.5737,124.410034,-126853.41,35.339367,2020-07-17
55676110.0,5361.923,2224.8398,118.631584,-127648.31,34.082867,2020-07-18
55678550.0,4975.18,2152.0005,112.99327,-128423.77,32.85149,2020-07-19
55681050.0,4581.976,2080.994,107.49236,-129191.67,31.645233,2020-07-20
55683616.0,4183.133,2011.7281,102.12447,-129946.62,30.462433,2020-07-21
55686240.0,3780.4126,1944.2595,96.885765,-130674.56,29.302813,2020-07-22
55688908.0,3374.9905,1878.4751,91.77351,-131376.58,28.166231,2020-07-23
55691604.0,2969.0986,1814.3855,86.78333,-132041.88,27.05033,2020-07-24
55694332.0,2562.6194,1751.8983,81.91577,-132672.62,25.955524,2020-07-25
55697080.0,2158.9595,1691.0342,77.17083,-133259.08,24.88279,2020-07-26
55699824.0,1760.4689,1631.7571,72.54084,-133795.84,23.829206,2020-07-27
55702580.0,1365.9725,1573.9852,68.03183,-134281.86,22.796995,2020-07-28
55705330.0,979.22974,1517.7494,63.638325,-134708.48,21.782969,2020-07-29
55708044.0,601.41547,1463.0187,59.35923,-135071.38,20.78865,2020-07-30
55710740.0,234.29176,1409.7216,55.197826,-135359.73,19.813902,2020-07-31
55713396.0,-119.32175,1357.8835,51.149734,-135578.98,18.857475,2020-08-01
55716016.0,-458.72025,1307.474,47.219337,-135708.6,17.920479,2020-08-02
55718570.0,-782.1415,1258.4519,43.406635,-135759.34,17.001804,2020-08-03
55721052.0,-1086.6486,1210.8326,39.70779,-135711.83,16.100756,2020-08-04
55723464.0,-1371.5365,1164.5906,36.12883,-135571.42,15.219277,2020-08-05
55725788.0,-1632.576,1119.7207,32.668655,-135327.33,14.356119,2020-08-06
55728016.0,-1872.2344,1076.1921,29.327818,-134978.48,13.511699,2020-08-07
55730132.0,-2084.52,1034.0153,26.11179,-134516.23,12.685043,2020-08-08
55732156.0,-2269.5505,993.2002,23.020023,-133937.33,11.87893,2020-08-09
55734040.0,-2423.9187,953.747,20.051424,-133237.47,11.090165,2020-08-10
55735780.0,-2547.1548,915.61475,17.214203,-132404.77,10.321248,2020-08-11
55737390.0,-2636.7915,878.8443,14.508361,-131440.3,9.571901,2020-08-12
55738850.0,-2689.6575,843.4153,11.933349,-130338.67,8.84268,2020-08-13
55740144.0,-2705.047,809.4045,9.499568,-129102.03,8.134,2020-08-14
55741270.0,-2680.494,776.6941,7.2026396,-127722.836,7.445999,2020-08-15
55742212.0,-2613.5305,745.4172,5.0496798,-126189.19,6.7797894,2020-08-16
55742972.0,-2502.7473,715.5739,3.042331,-124497.86,6.133705,2020-08-17
55743530.0,-2346.0295,687.1948,1.1893512,-122651.01,5.511632,2020-08-18
55743884.0,-2140.088,660.2186,-0.5103539,-120648.625,4.912043,2020-08-19
55744016.0,-1885.0397,634.7425,-2.0502155,-118473.445,4.336466,2020-08-20
55743932.0,-1576.7733,610.7818,-3.4285915,-116134.09,3.785316,2020-08-21
55743604.0,-1214.8187,588.4134,-4.6405554,-113621.94,3.259288,2020-08-22
55743050.0,-795.1817,567.5604,-5.675706,-110941.305,2.759631,2020-08-23
55742250.0,-316.80493,548.4073,-6.533496,-108082.46,2.2881486,2020-08-24
55741190.0,223.13121,530.9129,-7.2062616,-105042.17,1.844703,2020-08-25
55739876.0,824.7441,515.16956,-7.6901712,-101825.836,1.4310977,2020-08-26
55738290.0,1494.0253,501.17712,-7.978656,-98431.3,1.0485823,2020-08-27
55736424.0,2230.0347,489.06366,-8.061862,-94848.83,0.6981283,2020-08-28
55734280.0,3036.4143,478.83942,-7.942527,-91083.84,0.38070694,2020-08-29
55731850.0,3916.3367,470.5863,-7.6075125,-87135.24,0.09895578,2020-08-30
55729116.0,4869.801,464.39648,-7.0497026,-83005.2,-0.1472642,2020-08-31
55726092.0,5901.859,460.32623,-6.2614336,-78686.16,-0.35378918,2020-09-01
55722764.0,7012.041,458.4831,-5.2372313,-74186.75,-0.5197864,2020-09-02
55719116.0,8205.046,458.91318,-3.9705265,-69505.89,-0.6453947,2020-09-03
55715164.0,9482.754,461.73416,-2.4492767,-64641.43,-0.72589505,2020-09-04
55710896.0,10848.454,467.05878,-0.6674603,-59606.324,-0.76045465,2020-09-05
55706300.0,12303.791,474.96375,1.3853236,-54384.37,-0.7462977,2020-09-06
55701384.0,13850.526,485.59756,3.7178338,-48993.934,-0.68106467,2020-09-07
55696144.0,15493.595,499.0524,6.3377333,-43438.25,-0.56295127,2020-09-08
55690576.0,17234.055,515.4358,9.253234,-37716.242,-0.38973674,2020-09-09
55684670.0,19075.664,534.8757,12.480758,-31833.31,-0.15697975,2020-09-10
55678436.0,21020.305,557.55634,16.026873,-25794.855,0.13767922,2020-09-11
55671868.0,23071.615,583.58545,19.905266,-19610.594,0.4975715,2020-09-12
55664956.0,25231.594,613.0857,24.119768,-13280.528,0.9222801,2020-09-13
55657730.0,27503.064,646.3081,28.688992,-6813.2993,1.4206883,2020-09-14
55650164.0,29889.896,683.2577,33.621696,-225.10643,1.9932121,2020-09-15
55642264.0,32395.969,724.25195,38.934303,6484.05,2.644432,2020-09-16
55634044.0,35019.758,769.42395,44.628998,13310.93,3.375736,2020-09-17
55625484.0,37771.715,818.9017,50.729324,20220.973,4.194063,2020-09-18
55616612.0,40647.5,872.93097,57.243492,27242.258,5.101496,2020-09-19
55607424.0,43653.8,931.68066,64.18409,34327.266,6.103309,2020-09-20
55597920.0,46793.324,995.38635,71.56864,41486.793,7.2033877,2020-09-21
55588110.0,50068.305,1064.2272,79.40754,48693.844,8.406729,2020-09-22
55577996.0,53481.67,1138.4336,87.71448,55952.74,9.716108,2020-09-23
55567596.0,57036.957,1218.2103,96.50806,63228.91,11.139298,2020-09-24
55556904.0,60736.387,1303.8082,105.80087,70524.52,12.67963,2020-09-25
55545932.0,64582.668,1395.4323,115.60387,77817.984,14.340852,2020-09-26
55534696.0,68578.85,1493.3228,125.93566,85093.07,16.128515,2020-09-27
55523204.0,72724.83,1597.777,136.81049,92344.41,18.049002,2020-09-28
55511460.0,77025.05,1708.9585,148.2382,99543.9,20.10648,2020-09-29
55499476.0,81480.93,1827.1235,160.2396,106678.586,22.307331,2020-09-30
55487276.0,86093.53,1952.5945,172.82672,113740.914,24.655584,2020-10-01
55474870.0,90864.375,2085.5095,186.01161,120698.48,27.156507,2020-10-02
55462264.0,95793.94,2226.161,199.8107,127538.31,29.815239,2020-10-03
55449464.0,100883.51,2374.8398,214.23274,134260.44,32.63719,2020-10-04
55436520.0,106131.67,2531.6797,229.29253,140838.9,35.628056,2020-10-05
55423420.0,111540.31,2697.0188,245.00974,147245.66,38.793106,2020-10-06
55410184.0,117107.55,2870.9844,261.3822,153472.03,42.1347,2020-10-07
55396828.0,122829.16,3053.8843,278.42468,159520.22,45.659367,2020-10-08
55383388.0,128706.18,3245.8103,296.14923,165363.19,49.371544,2020-10-09
55369860.0,134733.94,3447.0437,314.55804,170980.42,53.273727,2020-10-10
55356270.0,140908.31,3657.703,333.66098,176376.27,57.36911,2020-10-11
55342652.0,147223.78,3877.9517,353.45694,181543.14,61.662277,2020-10-12
55328996.0,153676.23,4107.9023,373.9514,186457.28,66.15475,2020-10-13
55315350.0,160257.31,4347.7188,395.1465,191129.5,70.849304,2020-10-14
55301710.0,166960.47,4597.3657,417.03793,195545.75,75.74734,2020-10-15
55288110.0,173776.88,4856.965,439.6191,199723.31,80.84814,2020-10-16
55274570.0,180695.23,5126.4814,462.8862,203647.06,86.15297,2020-10-17
55261092.0,187704.55,5405.9614,486.82877,207331.05,91.66058,2020-10-18
55247692.0,194793.84,5695.22,511.43152,210779.6,97.369446,2020-10-19
55234420.0,201945.42,5994.206,536.6742,214024.0,103.27553,2020-10-20
55221252.0,209148.2,6302.756,562.54474,217054.58,109.37649,2020-10-21
55208220.0,216383.77,6620.68,589.01746,219916.66,115.667305,2020-10-22
55195320.0,223636.72,6947.713,616.06226,222628.62,122.14189,2020-10-23
55182580.0,230887.33,7283.4385,643.6517,225201.25,128.79372,2020-10-24
55170000.0,238116.44,7627.6426,671.7512,227683.17,135.61377,2020-10-25
55157584.0,245301.25,7979.803,700.3167,230122.95,142.59203,2020-10-26
55145344.0,252421.45,8339.413,729.30804,232548.7,149.7184,2020-10-27
55133280.0,259454.38,8706.036,758.68036,235002.55,156.98216,2020-10-28
55121372.0,266377.44,9079.024,788.3833,237541.69,164.3696,2020-10-29
55109636.0,273165.75,9457.705,818.35944,240211.53,171.8657,2020-10-30
55098064.0,279793.6,9841.476,848.5567,243075.78,179.4573,2020-10-31
55086628.0,286240.3,10229.464,878.91,246183.03,187.12663,2020-11-01
55075348.0,292479.16,10620.935,909.3558,249594.84,194.85785,2020-11-02
55064180.0,298485.2,11014.949,939.82513,253374.95,202.63168,2020-11-03
55053116.0,304235.8,11410.822,970.25616,257584.92,210.43092,2020-11-04
55042136.0,309705.9,11807.407,1000.5667,262279.8,218.23404,2020-11-05
55031230.0,314874.53,12203.931,1030.6896,267529.84,226.02356,2020-11-06
55020348.0,319721.97,12599.338,1060.5502,273386.88,233.77809,2020-11-07
55009490.0,324223.78,12992.62,1090.0725,279908.1,241.4774,2020-11-08
54998612.0,328364.38,13382.852,1119.1804,287155.1,249.1012,2020-11-09
54987684.0,332128.62,13768.94,1147.7979,295167.84,256.6291,2020-11-10
54976670.0,335496.44,14149.977,1175.8525,304008.97,264.04108,2020-11-11
54965550.0,338459.25,14524.92,1203.2701,313701.2,271.31735,2020-11-12
54954292.0,341005.4,14892.813,1229.9824,324286.56,278.4408,2020-11-13
54942852.0,343125.9,15252.715,1255.9121,335809.44,285.39005,2020-11-14
54931190.0,344817.03,15603.734,1281.0043,348270.84,292.1511,2020-11-15
54919268.0,346073.34,15945.01,1305.1888,361711.84,298.70438,2020-11-16
54907076.0,346897.22,16275.642,1328.4088,376115.12,305.0363,2020-11-17
54894550.0,347289.5,16594.959,1350.6144,391510.97,311.13336,2020-11-18
54881668.0,347256.97,16902.182,1371.7488,407865.9,316.9831,2020-11-19
54868400.0,346805.94,17196.633,1391.772,425184.22,322.5733,2020-11-20
54854696.0,345948.6,17477.826,1410.6438,443452.94,327.8945,2020-11-21
54840544.0,344700.12,17745.193,1428.335,462626.75,332.94214,2020-11-22
54825892.0,343075.16,17998.305,1444.8186,482679.7,337.70694,2020-11-23
54810720.0,341093.62,18236.816,1460.0739,503577.22,342.18524,2020-11-24
54794988.0,338779.28,18460.459,1474.0886,525264.25,346.37656,2020-11-25
54778676.0,336153.72,18669.041,1486.8519,547694.4,350.2779,2020-11-26
54761764.0,333248.34,18862.486,1498.3749,570799.44,353.89432,2020-11-27
54744212.0,330092.12,19040.773,1508.6608,594524.5,357.22687,2020-11-28
54726012.0,326715.4,19204.086,1517.7285,618811.2,360.2823,2020-11-29
54707144.0,323156.03,19352.514,1525.6025,643575.25,363.0687,2020-11-30
54687580.0,319450.84,19486.406,1532.3203,668755.1,365.59656,2020-12-01
54667320.0,315638.84,19606.18,1537.9214,694271.94,367.8786,2020-12-02
54646336.0,311764.72,19712.281,1542.4551,720038.25,369.9279,2020-12-03
54624644.0,307869.94,19805.36,1545.9814,745988.1,371.76273,2020-12-04
54602252.0,304004.84,19886.135,1548.5723,772040.7,373.4037,2020-12-05
54579132.0,300215.2,19955.488,1550.3032,798115.9,374.87045,2020-12-06
54555316.0,296555.6,20014.318,1551.2623,824136.0,376.18985,2020-12-07
54530840.0,293078.2,20063.725,1551.5486,850040.56,377.38693,2020-12-08
54505700.0,289841.56,20104.904,1551.271,875728.0,378.4944,2020-12-09
54479948.0,286903.4,20139.186,1550.5463,901142.25,379.54364,2020-12-10
54453628.0,284323.75,20168.047,1549.5089,926216.25,380.57114,2020-12-11
54426790.0,282168.03,20193.129,1548.2964,950876.6,381.6153,2020-12-12
54399508.0,280500.4,20216.076,1547.0604,975074.75,382.71704,2020-12-13
54371840.0,279391.12,20238.838,1545.9689,998743.6,383.92343,2020-12-14
54343892.0,278909.28,20263.459,1545.1959,1021842.25,385.28137,2020-12-15
54315756.0,279126.3,20292.104,1544.9348,1044332.8,386.84406,2020-12-16
54287560.0,280119.44,20327.104,1545.3859,1066160.2,388.66504,2020-12-17
54259404.0,281961.8,20370.94,1546.7615,1087306.2,390.8023,2020-12-18
54231444.0,284732.44,20426.207,1549.2921,1107746.9,393.31824,2020-12-19
54203828.0,288508.94,20495.75,1553.2181,1127456.4,396.27786,2020-12-20
54176716.0,293366.97,20582.406,1558.7903,1146453.1,399.74744,2020-12-21
54150268.0,299385.1,20689.186,1566.2722,1164725.1,403.79742,2020-12-22
54124652.0,306636.22,20819.305,1575.9438,1182283.1,408.50296,2020-12-23
54100052.0,315194.9,20975.746,1588.0815,1199139.2,413.9374,2020-12-24
54076628.0,325122.1,21161.938,1602.9803,1215352.6,420.17618,2020-12-25
54054548.0,336480.62,21380.963,1620.9447,1230936.5,427.2988,2020-12-26
54033948.0,349317.84,21635.986,1642.268,1245941.4,435.38132,2020-12-27
54014940.0,363672.56,21930.133,1667.2621,1260432.1,444.4998,2020-12-28
53997620.0,379567.38,22266.182,1696.2184,1274465.0,454.72873,2020-12-29
53982004.0,397007.97,22646.812,1729.4379,1288116.5,466.13785,2020-12-30
53968096.0,415974.0,23074.158,1767.1855,1301460.4,478.78946,2020-12-31
53955790.0,436423.88,23550.043,1809.7346,1314582.8,492.74237,2021-01-01
53944940.0,458286.3,24075.672,1857.3159,1327571.2,508.0419,2021-01-02
53935268.0,481457.34,24651.533,1910.1322,1340525.1,524.72125,2021-01-03
53926430.0,505798.78,25277.357,1968.3458,1353526.5,542.8004,2021-01-04
53917980.0,531134.2,25951.992,2032.0692,1366691.0,562.27844,2021-01-05
53909348.0,557248.4,26673.291,2101.3596,1380111.5,583.1341,2021-01-06
53899908.0,583893.9,27438.111,2176.208,1393897.0,605.32526,2021-01-07
53888908.0,610785.9,28242.217,2256.5327,1408153.4,628.7824,2021-01-08
53875588.0,637613.25,29080.262,2342.165,1422984.4,653.40326,2021-01-09
53859136.0,664037.44,29945.725,2432.8303,1438475.4,679.05615,2021-01-10
53838740.0,689720.4,30831.541,2528.2065,1454729.8,705.5869,2021-01-11
53813668.0,714308.3,31729.33,2627.8137,1471842.9,732.7952,2021-01-12
53783290.0,737474.2,32630.404,2731.1108,1489882.6,760.4607,2021-01-13
53747090.0,758907.4,33525.55,2837.4565,1508911.8,788.33453,2021-01-14
53704790.0,778337.7,34405.09,2946.1003,1528971.1,816.1337,2021-01-15
53656304.0,795537.5,35259.594,3056.2087,1550108.5,843.5591,2021-01-16
53601804.0,810339.75,36079.812,3166.9065,1572323.6,870.29974,2021-01-17
53541700.0,822635.25,36856.934,3277.2422,1595596.1,896.03204,2021-01-18
53476650.0,832368.75,37582.68,3386.2236,1619935.8,920.4282,2021-01-19
53407530.0,839544.94,38249.92,3492.885,1645281.9,943.1787,2021-01-20
53335364.0,844214.75,38852.375,3596.2578,1671609.9,963.9847,2021-01-21
53261360.0,846468.8,39384.793,3695.4026,1698863.4,982.5718,2021-01-22
53186748.0,846428.06,39843.184,3789.4583,1726998.2,998.7002,2021-01-23
53112770.0,844230.4,40224.637,3877.6414,1755957.1,1012.16974,2021-01-24
53040664.0,840025.5,40527.5,3959.2485,1785710.9,1022.8204,2021-01-25
52971520.0,833964.5,40751.164,4033.7317,1816219.6,1030.5463,2021-01-26
52906372.0,826191.0,40895.883,4100.5854,1847454.1,1035.2788,2021-01-27
52846030.0,816851.75,40962.855,4159.465,1879378.8,1037.0035,2021-01-28
52791170.0,806069.7,40954.113,4210.1265,1911999.0,1035.7473,2021-01-29
52742240.0,793968.75,40872.16,4252.4424,1945279.1,1031.5804,2021-01-30
52699536.0,780662.1,40720.13,4286.3647,1979192.0,1024.6105,2021-01-31
52663132.0,766252.25,40501.406,4311.956,2013745.5,1014.9728,2021-02-01
52632970.0,750845.25,40219.66,4329.3486,2048888.6,1002.83417,2021-02-02
52608824.0,734532.1,39878.957,4338.7485,2084609.6,988.3799,2021-02-03
52590336.0,717413.8,39483.125,4340.4146,2120851.2,971.80994,2021-02-04
52577090.0,699584.3,39036.246,4334.661,2157581.0,953.3368,2021-02-05
52568540.0,681142.06,38542.387,4321.8374,2194730.8,933.1774,2021-02-06
52564132.0,662182.0,38005.555,4302.3184,2232244.5,911.549,2021-02-07
52563252.0,642801.25,37429.65,4276.5054,2270045.5,888.6662,2021-02-08
52565308.0,623101.8,36818.55,4244.8184,2308032.5,864.7406,2021-02-09
52569684.0,603176.25,36176.0,4207.6743,2346136.0,839.9719,2021-02-10
52575812.0,583124.6,35505.72,4165.5005,2384235.0,814.5549,2021-02-11
52583160.0,563033.7,34811.15,4118.709,2422246.8,788.6633,2021-02-12
52591228.0,542993.5,34095.66,4067.7124,2460058.8,762.4635,2021-02-13
52599560.0,523089.9,33362.633,4012.914,2497566.0,736.1104,2021-02-14
52607764.0,503399.25,32615.037,3954.6982,2534657.5,709.7361,2021-02-15
52615492.0,483994.44,31855.947,3893.4365,2571236.0,683.4686,2021-02-16
52622464.0,464945.53,31088.201,3829.4905,2607187.0,657.418,2021-02-17
52628430.0,446306.22,30314.385,3763.1887,2642426.2,631.6776,2021-02-18
52633220.0,428131.84,29537.006,3694.85,2676853.5,606.33167,2021-02-19
52636664.0,410470.6,28758.473,3624.7803,2710382.0,581.45557,2021-02-20
52638676.0,393354.06,27980.86,3553.2437,2742943.8,557.1049,2021-02-21
52639188.0,376822.16,27206.354,3480.5254,2774465.8,533.33673,2021-02-22
52638150.0,360893.28,26436.623,3406.8425,2804896.5,510.18515,2021-02-23
52635590.0,345588.5,25673.396,3332.4336,2834180.5,487.686,2021-02-24
52631510.0,330921.53,24918.225,3257.501,2862271.0,465.8661,2021-02-25
52625964.0,316897.47,24172.48,3182.2373,2889148.8,444.74002,2021-02-26
52618988.0,303520.5,23437.357,3106.8152,2914787.8,424.3217,2021-02-27
52610696.0,290788.72,22714.014,3031.4058,2939168.2,404.62115,2021-02-28
52601144.0,278694.75,22003.326,2956.144,2962295.0,385.6364,2021-03-01
52590430.0,267227.62,21306.143,2881.173,2984154.8,367.36826,2021-03-02
52578676.0,256374.34,20623.139,2806.6094,3004782.2,349.81085,2021-03-03
52565960.0,246119.14,19954.887,2732.5652,3024179.8,332.95532,2021-03-04
52552410.0,236443.23,19301.951,2659.1472,3042364.2,316.79407,2021-03-05
52538136.0,227323.56,18664.615,2586.4343,3059386.5,301.31134,2021-03-06
52523228.0,218740.7,18043.232,2514.523,3075263.0,286.4954,2021-03-07
52507816.0,210670.3,17438.064,2443.4834,3090036.8,272.33234,2021-03-08
52491990.0,203085.08,16849.068,2373.367,3103751.0,258.80038,2021-03-09
52475856.0,195961.22,16276.488,2304.2476,3116461.0,245.8866,2021-03-10
52459510.0,189272.72,15720.235,2236.1746,3128206.2,233.57254,2021-03-11
52443040.0,182993.73,15180.329,2169.188,3139039.0,221.83948,2021-03-12
52426540.0,177098.02,14656.573,2103.3281,3149019.5,210.66728,2021-03-13
52410090.0,171558.62,14148.855,2038.6272,3158188.0,200.03847,2021-03-14
52393756.0,166351.42,13657.035,1975.1211,3166613.2,189.93526,2021-03-15
52377624.0,161451.14,13180.875,1912.8298,3174338.8,180.33836,2021-03-16
52361744.0,156833.73,12720.108,1851.7712,3181430.2,171.22878,2021-03-17
52346180.0,152477.94,12274.477,1791.9652,3187929.8,162.58943,2021-03-18
52330984.0,148357.28,11843.717,1733.417,3193902.5,154.40268,2021-03-19
52316200.0,144453.73,11427.415,1676.1312,3199396.5,146.64912,2021-03-20
52301870.0,140744.52,11025.34,1620.1274,3204453.2,139.31276,2021-03-21
52288036.0,137213.3,10637.079,1565.3926,3209133.0,132.37709,2021-03-22
52274724.0,133840.16,10262.361,1511.9315,3213472.5,125.827,2021-03-23
52261964.0,130607.766,9900.78,1459.7388,3217528.0,119.64402,2021-03-24
52249776.0,127500.55,9551.953,1408.8079,3221335.2,113.81372,2021-03-25
52238170.0,124504.41,9215.498,1359.1212,3224937.0,108.3211,2021-03-26
52227170.0,121605.664,8891.1045,1310.676,3228365.0,103.15186,2021-03-27
52216790.0,118791.734,8578.361,1263.462,3231655.0,98.29201,2021-03-28
52207028.0,116050.53,8276.926,1217.4568,3234846.5,93.7275,2021-03-29
52197884.0,113371.23,7986.3896,1172.6492,3237963.2,89.44557,2021-03-30
52189370.0,110744.74,7706.449,1129.0184,3241038.2,85.43333,2021-03-31
52181470.0,108163.59,7436.695,1086.5488,3244086.0,81.677986,2021-04-01
52174196.0,105619.87,7176.8213,1045.2167,3247135.0,78.167336,2021-04-02
52167532.0,103106.45,6926.386,1005.00073,3250208.8,74.89085,2021-04-03
52161470.0,100618.12,6685.154,965.8829,3253310.5,71.83585,2021-04-04
52155996.0,98150.34,6452.7944,927.844,3256474.0,68.994606,2021-04-05
52151116.0,95696.9,6228.9106,890.8572,3259701.2,66.35295,2021-04-06
52146804.0,93256.086,6013.2393,854.9045,3263009.2,63.90296,2021-04-07
52143036.0,90824.73,5805.439,819.9557,3266398.5,61.634518,2021-04-08
52139820.0,88399.42,5605.2524,785.99225,3269888.0,59.53776,2021-04-09
52137124.0,85980.57,5412.3613,752.99005,3273471.5,57.603813,2021-04-10
52134930.0,83565.31,5226.4917,720.9294,3277161.0,55.82559,2021-04-11
52133216.0,81155.22,5047.355,689.7884,3280951.8,54.19143,2021-04-12
52131976.0,78747.71,4874.705,659.5375,3284857.2,52.695927,2021-04-13
52131188.0,76345.78,4708.2886,630.1635,3288861.0,51.32992,2021-04-14
52130824.0,73947.61,4547.89,601.638,3292978.0,50.086468,2021-04-15
52130876.0,71556.08,4393.226,573.94507,3297196.5,48.95766,2021-04-16
52131308.0,69172.305,4244.076,547.05963,3301516.8,47.93586,2021-04-17
52132116.0,66799.57,4100.2383,520.9652,3305933.0,47.01538,2021-04-18
52133264.0,64437.7,3961.4966,495.63766,3310445.2,46.18831,2021-04-19
52134744.0,62090.81,3827.6497,471.0623,3315038.8,45.450066,2021-04-20
52136530.0,59760.25,3698.4846,447.22263,3319713.0,44.79302,2021-04-21
52138588.0,57450.953,3573.884,424.09897,3324475.0,44.21161,2021-04-22
52140920.0,55164.332,3453.5867,401.66943,3329290.8,43.69988,2021-04-23
52143480.0,52904.438,3337.47,379.91977,3334184.5,43.252407,2021-04-24
52146256.0,50675.965,3225.372,358.84344,3339125.5,42.864616,2021-04-25
52149230.0,48480.45,3117.1062,338.41193,3344120.8,42.530678,2021-04-26
52152390.0,46323.582,3012.5547,318.622,3349155.8,42.24546,2021-04-27
52155696.0,44208.13,2911.569,299.45502,3354226.5,42.004234,2021-04-28
52159132.0,42138.492,2814.0317,280.8968,3359326.5,41.803123,2021-04-29
52162680.0,40118.9,2719.766,262.93848,3364449.0,41.63629,2021-04-30
52166310.0,38154.29,2628.7205,245.56372,3369588.0,41.501385,2021-05-01
52170010.0,36249.535,2540.7085,228.77031,3374728.8,41.394096,2021-05-02
52173770.0,34407.043,2455.6763,212.53961,3379878.5,41.309017,2021-05-03
52177540.0,32631.984,2373.5266,196.86948,3385015.0,41.243786,2021-05-04
52181320.0,30930.234,2294.1338,181.74457,3390155.0,41.19479,2021-05-05
52185090.0,29304.377,2217.4136,167.16267,3395271.0,41.15843,2021-05-06
52188824.0,27759.639,2143.2942,153.11069,3400369.8,41.132473,2021-05-07
52192508.0,26301.305,2071.6965,139.58421,3405441.8,41.11304,2021-05-08
52196116.0,24934.137,2002.5203,126.581055,3410485.5,41.09819,2021-05-09
52199628.0,23661.361,1935.7452,114.08699,3415496.8,41.083755,2021-05-10
52203030.0,22488.799,1871.2588,102.10641,3420474.8,41.068905,2021-05-11
52206308.0,21419.734,1809.0455,90.626144,3425404.0,41.05086,2021-05-12
52209428.0,20459.809,1749.0184,79.64621,3430289.0,41.02699,2021-05-13
52212396.0,19612.076,1691.1544,69.16113,3435129.5,40.99701,2021-05-14
52215176.0,18882.764,1635.4229,59.17311,3439926.0,40.95815,2021-05-15
52217760.0,18274.395,1581.7545,49.67009,3444665.2,40.90832,2021-05-16
52220120.0,17792.904,1530.1111,40.655357,3449352.5,40.846558,2021-05-17
52222252.0,17441.523,1480.4695,32.12672,3453988.0,40.771885,2021-05-18
52224140.0,17223.893,1432.8196,24.081997,3458568.5,40.68306,2021-05-19
52225764.0,17144.477,1387.1483,16.516804,3463091.5,40.579517,2021-05-20
52227110.0,17207.445,1343.4022,9.434426,3467559.8,40.460712,2021-05-21
52228176.0,17416.824,1301.617,2.8293889,3471978.0,40.325108,2021-05-22
52228936.0,17774.902,1261.7504,-3.2939289,3476331.8,40.17341,2021-05-23
52229380.0,18288.14,1223.7601,-8.935527,3480635.8,40.004635,2021-05-24
52229500.0,18955.895,1187.7322,-14.103068,3484887.8,39.819206,2021-05-25
52229276.0,19785.36,1153.5869,-18.789986,3489087.0,39.616844,2021-05-26
52228704.0,20776.299,1121.3616,-22.997372,3493235.2,39.398106,2021-05-27
52227770.0,21934.09,1091.0997,-26.730701,3497341.5,39.16299,2021-05-28
52226476.0,23260.346,1062.7156,-29.982311,3501399.2,38.912052,2021-05-29
52224796.0,24759.297,1036.3153,-32.753296,3505413.8,38.647095,2021-05-30
52222736.0,26432.266,1011.8619,-35.048035,3509381.8,38.36798,2021-05-31
52220284.0,28280.25,989.3936,-36.86324,3513319.5,38.074707,2021-06-01
52217428.0,30306.95,968.92847,-38.198917,3517219.5,37.770195,2021-06-02
52214164.0,32514.74,950.48315,-39.057255,3521079.5,37.45555,2021-06-03
52210496.0,34904.715,934.08057,-39.433872,3524919.0,37.130497,2021-06-04
52206404.0,37477.52,919.77203,-39.336433,3528730.5,36.797947,2021-06-05
52201908.0,40235.996,907.5075,-38.75837,3532526.8,36.458874,2021-06-06
52196976.0,43179.21,897.4075,-37.70406,3536298.2,36.115223,2021-06-07
52191620.0,46310.043,889.47174,-36.1746,3540060.0,35.768517,2021-06-08
52185844.0,49628.957,883.6774,-34.171085,3543811.0,35.419865,2021-06-09
52179644.0,53135.754,880.1064,-31.695702,3547555.5,35.07288,2021-06-10
52173012.0,56829.312,878.7816,-28.745167,3551300.0,34.728813,2021-06-11
52165950.0,60709.81,879.74927,-25.332619,3555047.8,34.38946,2021-06-12
52158470.0,64778.215,882.985,-21.450394,3558798.5,34.05719,2021-06-13
52150560.0,69033.8,888.5873,-17.10725,3562569.0,33.7338,2021-06-14
52142236.0,73473.875,896.5153,-12.303187,3566348.0,33.422485,2021-06-15
52133500.0,78096.64,906.8394,-7.043681,3570148.8,33.12408,2021-06-16
52124340.0,82904.26,919.57874,-1.3363942,3573982.8,32.84219,2021-06-17
52114772.0,87890.85,934.7666,4.8153887,3577839.5,32.579037,2021-06-18
52104800.0,93056.87,952.41583,11.409478,3581736.2,32.33587,2021-06-19
52094436.0,98398.6,972.5277,18.439304,3585664.5,32.1163,2021-06-20
52083680.0,103912.1,995.1572,25.891731,3589642.2,31.921988,2021-06-21
52072536.0,109597.26,1020.2878,33.771137,3593670.8,31.754187,2021-06-22
52061020.0,115448.09,1047.9564,42.05782,3597744.5,31.617334,2021-06-23
52049144.0,121463.08,1078.1454,50.74958,3601881.0,31.511713,2021-06-24
52036890.0,127635.86,1110.9044,59.839855,3606083.5,31.440372,2021-06-25
52024292.0,133963.95,1146.1952,69.3166,3610349.5,31.404564,2021-06-26
52011350.0,140439.72,1184.0433,79.16668,3614690.2,31.407896,2021-06-27
51998076.0,147062.22,1224.4207,89.38571,3619105.5,31.451338,2021-06-28
51984468.0,153825.45,1267.322,99.958374,3623606.0,31.536695,2021-06-29
51970556.0,160719.84,1312.7461,110.87808,3628198.2,31.665081,2021-06-30
51956348.0,167744.45,1360.6829,122.12624,3632874.8,31.839266,2021-07-01
51941830.0,174891.25,1411.0924,133.70175,3637654.0,32.05981,2021-07-02
51927040.0,182153.9,1463.9281,145.57178,3642542.0,32.32907,2021-07-03
51911970.0,189524.47,1519.2373,157.74286,3647528.5,32.647602,2021-07-04
51896652.0,196998.47,1576.8882,170.18657,3652638.2,33.016514,2021-07-05
51881064.0,204566.0,1636.9108,182.8985,3657858.0,33.43775,2021-07-06
51865250.0,212221.28,1699.1925,195.86005,3663209.5,33.910206,2021-07-07
51849196.0,219956.36,1763.782,209.05151,3668687.5,34.436928,2021-07-08
51832932.0,227762.4,1830.5045,222.46416,3674305.8,35.016254,2021-07-09
51816450.0,235633.16,1899.4164,236.07932,3680067.8,35.649986,2021-07-10
51799760.0,243559.83,1970.3871,249.87949,3685974.5,36.337986,2021-07-11
51782890.0,251532.58,2043.334,263.84937,3692044.2,37.079697,2021-07-12
51765828.0,259544.94,2118.238,277.97253,3698264.2,37.875816,2021-07-13
51748600.0,267587.84,2194.999,292.23032,3704663.2,38.725235,2021-07-14
51731184.0,275651.03,2273.533,306.60965,3711234.2,39.627117,2021-07-15
51713630.0,283725.62,2353.7673,321.08862,3717987.8,40.582294,2021-07-16
51695930.0,291804.16,2435.6118,335.64972,3724933.5,41.589382,2021-07-17
51678070.0,299878.8,2518.987,350.28195,3732074.5,42.646572,2021-07-18
51660084.0,307936.97,2603.7954,364.95908,3739416.8,43.752758,2021-07-19
51641956.0,315972.8,2689.9075,379.67343,3746976.8,44.906826,2021-07-20
51623700.0,323975.78,2777.2883,394.40314,3754755.2,46.108364,2021-07-21
51605320.0,331938.53,2865.7751,409.1328,3762762.5,47.353622,2021-07-22
51586824.0,339851.3,2955.3203,423.8417,3771005.5,48.642876,2021-07-23
51568210.0,347705.3,3045.839,438.5221,3779497.8,49.972656,2021-07-24
51549470.0,355493.34,3137.1584,453.15326,3788239.5,51.341858,2021-07-25
51530630.0,363206.47,3229.2156,467.71872,3797247.0,52.746727,2021-07-26
51511676.0,370836.4,3321.9148,482.20535,3806523.2,54.18782,2021-07-27
51492604.0,378374.62,3415.1729,496.59784,3816078.2,55.660145,2021-07-28
51473430.0,385814.75,3508.8345,510.88303,3825919.5,57.16134,2021-07-29
51454140.0,393147.56,3602.8442,525.0434,3836065.5,58.690426,2021-07-30
51434732.0,400367.28,3697.0793,539.0713,3846514.8,60.24228,2021-07-31
51415212.0,407468.06,3791.4668,552.9536,3857289.0,61.816616,2021-08-01
51395576.0,414442.06,3885.8555,566.6738,3868370.2,63.40955,2021-08-02
51375816.0,421281.84,3980.2134,580.2244,3879792.8,65.01762,2021-08-03
51355930.0,427985.3,4074.4395,593.59985,3891551.0,66.63886,2021-08-04
51335910.0,434543.22,4168.389,606.77924,3903661.2,68.27024,2021-08-05
51315776.0,440951.06,4262.053,619.7594,3916130.2,69.907455,2021-08-06
51295496.0,447205.3,4355.317,632.53375,3928962.2,71.54966,2021-08-07
51275076.0,453302.12,4448.0605,645.0946,3942168.8,73.19229,2021-08-08
51254516.0,459235.3,4540.2773,657.4321,3955755.5,74.833664,2021-08-09
51233790.0,465003.97,4631.84,669.53864,3969725.8,76.4699,2021-08-10
51212930.0,470602.47,4722.72,681.4097,3984095.8,78.098915,2021-08-11
51191892.0,476029.7,4812.827,693.0455,3998859.8,79.71752,2021-08-12
51170704.0,481283.66,4902.027,704.4327,4014028.8,81.32212,2021-08-13
51149340.0,486362.47,4990.396,715.579,4029608.2,82.91228,2021-08-14
51127800.0,491264.12,5077.773,726.4757,4045603.5,84.48384,2021-08-15
51106070.0,495988.47,5164.148,737.11847,4062011.2,86.034584,2021-08-16
51084170.0,500532.7,5249.4873,747.5083,4078843.5,87.563255,2021-08-17
51062076.0,504899.25,5333.693,757.6441,4096098.2,89.06472,2021-08-18
51039790.0,509085.9,5416.7617,767.52374,4113781.5,90.53954,2021-08-19
51017300.0,513096.44,5498.659,777.15155,4131891.5,91.98536,2021-08-20
50994612.0,516929.78,5579.2886,786.5276,4150426.0,93.398834,2021-08-21
50971724.0,520587.28,5658.707,795.6485,4169401.0,94.77941,2021-08-22
50948628.0,524070.97,5736.808,804.52203,4188787.5,96.12474,2021-08-23
50925330.0,527384.6,5813.609,813.14484,4208606.0,97.43468,2021-08-24
50901812.0,530527.8,5889.0635,821.52234,4228850.0,98.70644,2021-08-25
50878084.0,533504.9,5963.1753,829.66016,4249517.5,99.93824,2021-08-26
50854148.0,536318.75,6035.8965,837.55817,4270604.0,101.13089,2021-08-27
50829990.0,538972.7,6107.2144,845.2197,4292097.0,102.28149,2021-08-28
50805624.0,541470.75,6177.139,852.6502,4314005.5,103.39045,2021-08-29
50781052.0,543814.6,6245.637,859.8519,4336310.0,104.45583,2021-08-30
50756264.0,546012.0,6312.691,866.8358,4359018.0,105.47846,2021-08-31
50731260.0,548064.8,6378.3447,873.60065,4382117.5,106.45724,2021-09-01
50706068.0,549977.3,6442.5444,880.1477,4405589.0,107.39229,2021-09-02
50680660.0,551755.4,6505.2734,886.4932,4429442.5,108.282234,2021-09-03
50655044.0,553404.06,6566.5757,892.6341,4453659.0,109.12818,2021-09-04
50629244.0,554928.0,6626.4326,898.5768,4478233.0,109.929436,2021-09-05
50603240.0,556330.6,6684.8354,904.3278,4503150.0,110.68684,2021-09-06
50577052.0,557620.1,6741.785,909.8917,4528404.5,111.39968,2021-09-07
50550690.0,558799.6,6797.3096,915.2695,4553984.0,112.069084,2021-09-08
50524140.0,559875.0,6851.4272,920.4764,4579882.0,112.69573,2021-09-09
50497410.0,560853.6,6904.0615,925.5115,4606079.5,113.27964,2021-09-10
50470524.0,561737.0,6955.3247,930.3834,4632568.0,113.82121,2021-09-11
50443480.0,562535.06,7005.1323,935.0922,4659329.0,114.32184,2021-09-12
50416270.0,563251.1,7053.553,939.64777,4686362.5,114.78208,2021-09-13
50388916.0,563891.3,7100.5757,944.0544,4713642.0,115.20263,2021-09-14
50361420.0,564460.75,7146.224,948.31433,4741169.5,115.58445,2021-09-15
50333800.0,564964.75,7190.5117,952.43634,4768918.0,115.928795,2021-09-16
50306044.0,565409.75,7233.404,956.42255,4796877.5,116.23636,2021-09-17
50278180.0,565799.94,7274.968,960.2774,4825038.5,116.5084,2021-09-18
50250188.0,566142.75,7315.1978,964.00854,4853390.5,116.74615,2021-09-19
50222100.0,566441.06,7354.1274,967.61597,4881914.0,116.95032,2021-09-20
50193920.0,566703.2,7391.6675,971.11285,4910586.5,117.122284,2021-09-21
50165644.0,566930.25,7428.0254,974.49365,4939417.0,117.263435,2021-09-22
50137292.0,567130.5,7463.049,977.76495,4968374.0,117.37544,2021-09-23
50108864.0,567307.2,7496.8203,980.93335,4997445.0,117.45914,2021-09-24
50080360.0,567466.94,7529.35,984.00433,5026632.0,117.51548,2021-09-25
50051816.0,567612.0,7560.6772,986.97235,5055900.5,117.5456,2021-09-26
50023210.0,567748.75,7590.7573,989.85284,5085262.5,117.55171,2021-09-27
49994564.0,567881.6,7619.6685,992.64136,5114677.0,117.53436,2021-09-28
49965876.0,568012.4,7647.4204,995.3401,5144152.0,117.49425,2021-09-29
49937160.0,568149.0,7674.014,997.95776,5173674.0,117.434425,2021-09-30
49908420.0,568294.06,7699.439,1000.49554,5203216.0,117.35393,2021-10-01
49879668.0,568452.3,7723.7515,1002.95013,5232780.5,117.25608,2021-10-02
49850892.0,568624.06,7746.9697,1005.33466,5262353.0,117.13977,2021-10-03
49822132.0,568816.1,7769.1094,1007.6425,5291910.0,117.007774,2021-10-04
49793360.0,569032.2,7790.194,1009.8804,5321460.0,116.86232,2021-10-05
49764600.0,569273.3,7810.2363,1012.0514,5350983.5,116.70146,2021-10-06
49735852.0,569545.25,7829.2515,1014.15344,5380471.5,116.52838,2021-10-07
49707130.0,569850.1,7847.231,1016.19196,5409902.5,116.343925,2021-10-08
49678424.0,570189.6,7864.304,1018.1681,5439291.5,116.14961,2021-10-09
49649750.0,570567.94,7880.352,1020.08405,5468603.5,115.94448,2021-10-10
49621116.0,570986.8,7895.4595,1021.94305,5497837.5,115.73143,2021-10-11
49592510.0,571449.25,7909.6694,1023.7385,5526993.0,115.511024,2021-10-12
49563956.0,571957.56,7922.9824,1025.4836,5556053.5,115.283264,2021-10-13
49535436.0,572513.5,7935.4014,1027.1708,5585019.0,115.050644,2021-10-14
49506984.0,573120.44,7946.9824,1028.8021,5613867.5,114.8129,2021-10-15
49478576.0,573778.3,7957.7305,1030.3862,5642610.5,114.57056,2021-10-16
49450236.0,574490.7,7967.6245,1031.9158,5671226.0,114.325035,2021-10-17
49421940.0,575257.75,7976.753,1033.3971,5699717.0,114.07687,2021-10-18
49393720.0,576083.25,7985.0854,1034.828,5728068.0,113.82677,2021-10-19
49365576.0,576966.1,7992.677,1036.2107,5756274.0,113.57541,2021-10-20
49337490.0,577909.7,7999.5205,1037.5442,5784341.0,113.32322,2021-10-21
49309490.0,578913.4,8005.6504,1038.8372,5812248.0,113.07201,2021-10-22
49281550.0,579980.06,8011.1323,1040.0765,5839994.0,112.82037,2021-10-23
49253700.0,581109.94,8015.8965,1041.2765,5867588.5,112.569984,2021-10-24
49225920.0,582303.75,8019.9937,1042.4282,5895008.5,112.32099,2021-10-25
49198220.0,583562.5,8023.517,1043.5394,5922270.5,112.0738,2021-10-26
49170612.0,584886.8,8026.3857,1044.6014,5949340.5,111.83008,2021-10-27
49143076.0,586278.1,8028.654,1045.6229,5976226.0,111.589,2021-10-28
49115636.0,587734.75,8030.374,1046.605,6002947.0,111.35041,2021-10-29
49088296.0,589259.4,8031.5605,1047.5388,6029468.0,111.11682,2021-10-30
49061016.0,590851.4,8032.189,1048.4376,6055813.5,110.88615,2021-10-31
49033844.0,592511.0,8032.2886,1049.2894,6081953.5,110.660324,2021-11-01
49006750.0,594238.9,8031.9253,1050.1051,6107909.5,110.43812,2021-11-02
48979760.0,596035.4,8031.079,1050.8792,6133663.0,110.22174,2021-11-03
48952852.0,597898.9,8029.8105,1051.6138,6159236.0,110.00966,2021-11-04
48926044.0,599830.44,8028.0586,1052.309,6184586.5,109.80299,2021-11-05
48899316.0,601831.44,8025.903,1052.9603,6209745.0,109.601746,2021-11-06
48872696.0,603898.5,8023.3647,1053.5757,6234699.0,109.40674,2021-11-07
48846150.0,606033.25,8020.4224,1054.1515,6259454.5,109.21535,2021-11-08
48819708.0,608237.5,8017.139,1054.6891,6284001.5,109.03144,2021-11-09
48793360.0,610506.7,8013.517,1055.1884,6308342.0,108.85281,2021-11-10
48767108.0,612843.6,8009.5415,1055.6514,6332477.5,108.680016,2021-11-11
48740948.0,615246.8,8005.259,1056.074,6356400.0,108.51318,2021-11-12
48714880.0,617714.75,8000.711,1056.4594,6380120.0,108.35246,2021-11-13
48688900.0,620249.56,7995.8496,1056.8086,6403625.5,108.198265,2021-11-14
48663024.0,622848.06,7990.771,1057.1184,6426932.5,108.05003,2021-11-15
48637230.0,625510.3,7985.399,1057.3944,6450022.5,107.90721,2021-11-16
48611548.0,628236.0,7979.8506,1057.632,6472904.0,107.771614,2021-11-17
48585936.0,631026.56,7974.075,1057.8367,6495586.0,107.641426,2021-11-18
48560424.0,633878.4,7968.0645,1058.003,6518050.5,107.517624,2021-11-19
48535010.0,636792.06,7961.8784,1058.1323,6540313.5,107.39937,2021-11-20
48509684.0,639764.9,7955.562,1058.2264,6562361.0,107.28667,2021-11-21
48484452.0,642799.1,7949.0664,1058.2866,6584215.5,107.18008,2021-11-22
48459300.0,645892.9,7942.4453,1058.3129,6605857.0,107.07959,2021-11-23
48434244.0,649044.75,7935.705,1058.3031,6627303.5,106.98493,2021-11-24
48409284.0,652253.4,7928.825,1058.2604,6648530.5,106.895966,2021-11-25
48384412.0,655520.06,7921.8804,1058.1804,6669564.0,106.81213,2021-11-26
48359620.0,658841.4,7914.825,1058.0687,6690389.0,106.73413,2021-11-27
48334930.0,662219.0,7907.6943,1057.9253,6711020.0,106.66043,2021-11-28
48310320.0,665650.44,7900.4946,1057.7479,6731447.5,106.592,2021-11-29
48285800.0,669134.2,7893.2593,1057.5367,6751674.5,106.52913,2021-11-30
48261372.0,672669.4,7885.983,1057.2958,6771702.5,106.47098,2021-12-01
48237024.0,676257.7,7878.71,1057.0188,6791541.5,106.41796,2021-12-02
48212772.0,679895.25,7871.399,1056.7112,6811177.5,106.368965,2021-12-03
48188590.0,683583.0,7864.1045,1056.3729,6830627.0,106.3251,2021-12-04
48164516.0,687318.6,7856.8228,1056.0017,6849880.5,106.286385,2021-12-05
48140504.0,691103.6,7849.4976,1055.6033,6868946.5,106.250015,2021-12-06
48116600.0,694932.94,7842.233,1055.1719,6887814.5,106.218094,2021-12-07
48092772.0,698807.2,7835.056,1054.7109,6906501.5,106.19117,2021-12-08
48069016.0,702728.06,7827.8745,1054.2216,6924998.0,106.16716,2021-12-09
48045356.0,706692.5,7820.7524,1053.7015,6943317.5,106.1469,2021-12-10
48021776.0,710698.25,7813.7207,1053.1531,6961442.5,106.13038,2021-12-11
47998284.0,714747.2,7806.728,1052.575,6979392.5,106.11761,2021-12-12
47974876.0,718835.4,7799.8486,1051.9728,6997155.0,106.10678,2021-12-13
47951540.0,722964.4,7793.0557,1051.3367,7014748.5,106.10095,2021-12-14
47928300.0,727130.25,7786.3657,1050.6765,7032159.5,106.09609,2021-12-15
47905130.0,731336.2,7779.7812,1049.989,7049396.0,106.09485,2021-12-16
47882044.0,735578.1,7773.319,1049.2773,7066456.0,106.096375,2021-12-17
47859040.0,739856.7,7766.9487,1048.5361,7083352.0,106.09901,2021-12-18
47836124.0,744167.8,7760.717,1047.7709,7100062.5,106.10553,2021-12-19
47813280.0,748515.1,7754.629,1046.9838,7116615.0,106.11344,2021-12-20
47790524.0,752895.06,7748.6787,1046.1659,7132994.5,106.1233,2021-12-21
47767844.0,757306.06,7742.8804,1045.3251,7149207.0,106.13524,2021-12-22
47745244.0,761748.7,7737.2485,1044.4646,7165260.5,106.148834,2021-12-23
47722730.0,766222.06,7731.7524,1043.58,7181156.5,106.16438,2021-12-24
47700290.0,770723.4,7726.455,1042.6658,7196886.0,106.18048,2021-12-25
47677930.0,775253.75,7721.297,1041.7319,7212450.5,106.1988,2021-12-26
47655650.0,779812.2,7716.3306,1040.775,7227864.5,106.217125,2021-12-27
47633450.0,784395.6,7711.568,1039.7963,7243129.0,106.23711,2021-12-28
47611324.0,789004.25,7706.951,1038.7977,7258220.0,106.258484,2021-12-29
47589284.0,793639.9,7702.5234,1037.7817,7273164.5,106.27972,2021-12-30
47567316.0,798297.6,7698.315,1036.7384,7287963.0,106.301926,2021-12-31
